model_group,model_label,checkpoint_step,ego_checkpoint,scene_id,data_id,scenario_id,scenario_name,safebench_scenario_name,route_id,init_id,parameters,seed,template_name,behavior_type,decoded_params,combined_efficiency,ego_reward,crash,route_completion,mean_speed,ego_route_distance_m,episode_reward,collision,success,timeout,average_speed,min_speed,max_speed,low_speed_ratio,progress_auc,driven_distance,episode_steps,termination_reason
training_final,ppo_torch,188751578016257,/root/scenge/.cache/carla_evolution_ego_adapter/checkpoint-188751578016257.pt,1,0,1,scenario_01,DynamicObjectCrossing,0,0,0.pth,100669,straight_follow,sudden_decel,"{""behavior_type"": ""sudden_decel"", ""decel_target_speed"": 3.9171928401970044, ""ego_lane"": 1, ""ego_speed"": 18.0, ""front_initial_speed"": 14.844477500801354, ""front_offset"": 26.201740159249113, ""template_name"": ""straight_follow"", ""trigger_distance"": 14.890569870852186}",0.5751914285714272,4016.2499999999777,False,1.0,22.94999999999987,200.81249999999892,4016.2499999999777,False,True,False,22.94999999999987,18.05625,27.84374999999975,0.0,0.46898928571428405,200.81249999999892,175,success
training_final,ppo_torch,188751578016257,/root/scenge/.cache/carla_evolution_ego_adapter/checkpoint-188751578016257.pt,2,1,1,scenario_01,DynamicObjectCrossing,0,1,1.pth,100670,straight_follow,sudden_decel,"{""behavior_type"": ""sudden_decel"", ""decel_target_speed"": 4.214022801660002, ""ego_lane"": 1, ""ego_speed"": 18.0, ""front_initial_speed"": 10.00302992895043, ""front_offset"": 25.72857878545006, ""template_name"": ""straight_follow"", ""trigger_distance"": 13.754946189026754}",0.5751914285714272,4016.2499999999777,False,1.0,22.94999999999987,200.81249999999892,4016.2499999999777,False,True,False,22.94999999999987,18.05625,27.84374999999975,0.0,0.46898928571428405,200.81249999999892,175,success
training_final,ppo_torch,188751578016257,/root/scenge/.cache/carla_evolution_ego_adapter/checkpoint-188751578016257.pt,3,2,1,scenario_01,DynamicObjectCrossing,0,2,2.pth,100671,straight_follow,sudden_decel,"{""behavior_type"": ""sudden_decel"", ""decel_target_speed"": 2.9393822778300795, ""ego_lane"": 1, ""ego_speed"": 18.0, ""front_initial_speed"": 11.657350783151509, ""front_offset"": 21.709417913830585, ""template_name"": ""straight_follow"", ""trigger_distance"": 13.307797405108074}",0.5751914285714272,4016.2499999999777,False,1.0,22.94999999999987,200.81249999999892,4016.2499999999777,False,True,False,22.94999999999987,18.05625,27.84374999999975,0.0,0.46898928571428405,200.81249999999892,175,success
training_final,ppo_torch,188751578016257,/root/scenge/.cache/carla_evolution_ego_adapter/checkpoint-188751578016257.pt,4,3,1,scenario_01,DynamicObjectCrossing,0,3,3.pth,100672,straight_follow,sudden_decel,"{""behavior_type"": ""sudden_decel"", ""decel_target_speed"": 4.770574211213749, ""ego_lane"": 1, ""ego_speed"": 18.0, ""front_initial_speed"": 15.698710857105427, ""front_offset"": 25.191614211727394, ""template_name"": ""straight_follow"", ""trigger_distance"": 13.661691137224963}",0.5751914285714272,4016.2499999999777,False,1.0,22.94999999999987,200.81249999999892,4016.2499999999777,False,True,False,22.94999999999987,18.05625,27.84374999999975,0.0,0.46898928571428405,200.81249999999892,175,success
training_final,ppo_torch,188751578016257,/root/scenge/.cache/carla_evolution_ego_adapter/checkpoint-188751578016257.pt,5,4,1,scenario_01,DynamicObjectCrossing,0,4,4.pth,100673,straight_follow,sudden_decel,"{""behavior_type"": ""sudden_decel"", ""decel_target_speed"": 4.02460991871145, ""ego_lane"": 1, ""ego_speed"": 18.0, ""front_initial_speed"": 11.26079414673177, ""front_offset"": 24.33691444935773, ""template_name"": ""straight_follow"", ""trigger_distance"": 12.39644999035877}",0.5751914285714272,4016.2499999999777,False,1.0,22.94999999999987,200.81249999999892,4016.2499999999777,False,True,False,22.94999999999987,18.05625,27.84374999999975,0.0,0.46898928571428405,200.81249999999892,175,success
training_final,ppo_torch,188751578016257,/root/scenge/.cache/carla_evolution_ego_adapter/checkpoint-188751578016257.pt,6,5,1,scenario_01,DynamicObjectCrossing,0,5,5.pth,100674,straight_follow,sudden_decel,"{""behavior_type"": ""sudden_decel"", ""decel_target_speed"": 5.370166467695005, ""ego_lane"": 1, ""ego_speed"": 18.0, ""front_initial_speed"": 13.198940541877628, ""front_offset"": 27.95247459007893, ""template_name"": ""straight_follow"", ""trigger_distance"": 12.72796346819084}",0.5751914285714272,4016.2499999999777,False,1.0,22.94999999999987,200.81249999999892,4016.2499999999777,False,True,False,22.94999999999987,18.05625,27.84374999999975,0.0,0.46898928571428405,200.81249999999892,175,success
training_final,ppo_torch,188751578016257,/root/scenge/.cache/carla_evolution_ego_adapter/checkpoint-188751578016257.pt,7,6,1,scenario_01,DynamicObjectCrossing,0,6,6.pth,100675,straight_follow,sudden_decel,"{""behavior_type"": ""sudden_decel"", ""decel_target_speed"": 3.8209607778716936, ""ego_lane"": 1, ""ego_speed"": 18.0, ""front_initial_speed"": 15.392246928538864, ""front_offset"": 25.78331189247894, ""template_name"": ""straight_follow"", ""trigger_distance"": 18.68267760222125}",0.5751914285714272,4016.2499999999777,False,1.0,22.94999999999987,200.81249999999892,4016.2499999999777,False,True,False,22.94999999999987,18.05625,27.84374999999975,0.0,0.46898928571428405,200.81249999999892,175,success
training_final,ppo_torch,188751578016257,/root/scenge/.cache/carla_evolution_ego_adapter/checkpoint-188751578016257.pt,8,7,1,scenario_01,DynamicObjectCrossing,0,7,7.pth,100676,straight_follow,sudden_decel,"{""behavior_type"": ""sudden_decel"", ""decel_target_speed"": 3.6105598634764706, ""ego_lane"": 1, ""ego_speed"": 18.0, ""front_initial_speed"": 14.362490654393525, ""front_offset"": 25.796638816914808, ""template_name"": ""straight_follow"", ""trigger_distance"": 16.258836229317463}",0.5751914285714272,4016.2499999999777,False,1.0,22.94999999999987,200.81249999999892,4016.2499999999777,False,True,False,22.94999999999987,18.05625,27.84374999999975,0.0,0.46898928571428405,200.81249999999892,175,success
training_final,ppo_torch,188751578016257,/root/scenge/.cache/carla_evolution_ego_adapter/checkpoint-188751578016257.pt,9,8,1,scenario_01,DynamicObjectCrossing,0,8,8.pth,100677,straight_follow,sudden_decel,"{""behavior_type"": ""sudden_decel"", ""decel_target_speed"": 5.150218712643043, ""ego_lane"": 1, ""ego_speed"": 18.0, ""front_initial_speed"": 12.970229400244323, ""front_offset"": 28.339385395846357, ""template_name"": ""straight_follow"", ""trigger_distance"": 11.146791225235106}",0.5751914285714272,4016.2499999999777,False,1.0,22.94999999999987,200.81249999999892,4016.2499999999777,False,True,False,22.94999999999987,18.05625,27.84374999999975,0.0,0.46898928571428405,200.81249999999892,175,success
training_final,ppo_torch,188751578016257,/root/scenge/.cache/carla_evolution_ego_adapter/checkpoint-188751578016257.pt,10,9,1,scenario_01,DynamicObjectCrossing,0,9,9.pth,100678,straight_follow,sudden_decel,"{""behavior_type"": ""sudden_decel"", ""decel_target_speed"": 5.614794919141438, ""ego_lane"": 1, ""ego_speed"": 18.0, ""front_initial_speed"": 12.216978768301612, ""front_offset"": 31.776874581349695, ""template_name"": ""straight_follow"", ""trigger_distance"": 12.884230574362716}",0.5751914285714272,4016.2499999999777,False,1.0,22.94999999999987,200.81249999999892,4016.2499999999777,False,True,False,22.94999999999987,18.05625,27.84374999999975,0.0,0.46898928571428405,200.81249999999892,175,success
training_final,ppo_torch,188751578016257,/root/scenge/.cache/carla_evolution_ego_adapter/checkpoint-188751578016257.pt,11,10,1,scenario_01,DynamicObjectCrossing,1,0,0.pth,101669,straight_follow,speed_oscillation,"{""behavior_type"": ""speed_oscillation"", ""ego_lane"": 1, ""ego_speed"": 18.0, ""front_initial_speed"": 13.618920214112125, ""front_offset"": 24.127334501334374, ""oscillation_amplitude"": 4.047939315283109, ""oscillation_base_speed"": 6.760087559070738, ""oscillation_period"": 3.0834046731451057, ""template_name"": ""straight_follow"", ""trigger_distance"": 15.87320904667274}",0.5751914285714272,4016.2499999999777,False,1.0,22.94999999999987,200.81249999999892,4016.2499999999777,False,True,False,22.94999999999987,18.05625,27.84374999999975,0.0,0.46898928571428405,200.81249999999892,175,success
training_final,ppo_torch,188751578016257,/root/scenge/.cache/carla_evolution_ego_adapter/checkpoint-188751578016257.pt,12,11,1,scenario_01,DynamicObjectCrossing,1,1,1.pth,101670,straight_follow,speed_oscillation,"{""behavior_type"": ""speed_oscillation"", ""ego_lane"": 1, ""ego_speed"": 18.0, ""front_initial_speed"": 14.74608197970412, ""front_offset"": 28.112337962525878, ""oscillation_amplitude"": 3.485904722286574, ""oscillation_base_speed"": 7.425754325324359, ""oscillation_period"": 2.774154286244203, ""template_name"": ""straight_follow"", ""trigger_distance"": 16.942599534969073}",0.5751914285714272,4016.2499999999777,False,1.0,22.94999999999987,200.81249999999892,4016.2499999999777,False,True,False,22.94999999999987,18.05625,27.84374999999975,0.0,0.46898928571428405,200.81249999999892,175,success
training_final,ppo_torch,188751578016257,/root/scenge/.cache/carla_evolution_ego_adapter/checkpoint-188751578016257.pt,13,12,1,scenario_01,DynamicObjectCrossing,1,2,2.pth,101671,straight_follow,speed_oscillation,"{""behavior_type"": ""speed_oscillation"", ""ego_lane"": 1, ""ego_speed"": 18.0, ""front_initial_speed"": 15.125615259155998, ""front_offset"": 26.812341254132043, ""oscillation_amplitude"": 2.862867436539835, ""oscillation_base_speed"": 6.531541188214608, ""oscillation_period"": 2.90996660880129, ""template_name"": ""straight_follow"", ""trigger_distance"": 19.352716535352897}",0.5751914285714272,4016.2499999999777,False,1.0,22.94999999999987,200.81249999999892,4016.2499999999777,False,True,False,22.94999999999987,18.05625,27.84374999999975,0.0,0.46898928571428405,200.81249999999892,175,success
training_final,ppo_torch,188751578016257,/root/scenge/.cache/carla_evolution_ego_adapter/checkpoint-188751578016257.pt,14,13,1,scenario_01,DynamicObjectCrossing,1,3,3.pth,101672,straight_follow,speed_oscillation,"{""behavior_type"": ""speed_oscillation"", ""ego_lane"": 1, ""ego_speed"": 18.0, ""front_initial_speed"": 14.892421806952154, ""front_offset"": 30.824291548249313, ""oscillation_amplitude"": 2.7403416826419322, ""oscillation_base_speed"": 10.727559159211472, ""oscillation_period"": 2.4071961224762983, ""template_name"": ""straight_follow"", ""trigger_distance"": 19.16216157084108}",0.5751914285714272,4016.2499999999777,False,1.0,22.94999999999987,200.81249999999892,4016.2499999999777,False,True,False,22.94999999999987,18.05625,27.84374999999975,0.0,0.46898928571428405,200.81249999999892,175,success
training_final,ppo_torch,188751578016257,/root/scenge/.cache/carla_evolution_ego_adapter/checkpoint-188751578016257.pt,15,14,1,scenario_01,DynamicObjectCrossing,1,4,4.pth,101673,straight_follow,speed_oscillation,"{""behavior_type"": ""speed_oscillation"", ""ego_lane"": 1, ""ego_speed"": 18.0, ""front_initial_speed"": 11.95999002314828, ""front_offset"": 29.568317759076535, ""oscillation_amplitude"": 3.0836586798362697, ""oscillation_base_speed"": 10.312932862935671, ""oscillation_period"": 2.4942111278864405, ""template_name"": ""straight_follow"", ""trigger_distance"": 19.50115821591833}",0.5751914285714272,4016.2499999999777,False,1.0,22.94999999999987,200.81249999999892,4016.2499999999777,False,True,False,22.94999999999987,18.05625,27.84374999999975,0.0,0.46898928571428405,200.81249999999892,175,success
training_final,ppo_torch,188751578016257,/root/scenge/.cache/carla_evolution_ego_adapter/checkpoint-188751578016257.pt,16,15,1,scenario_01,DynamicObjectCrossing,1,5,5.pth,101674,straight_follow,speed_oscillation,"{""behavior_type"": ""speed_oscillation"", ""ego_lane"": 1, ""ego_speed"": 18.0, ""front_initial_speed"": 13.51748722524118, ""front_offset"": 34.16485913328108, ""oscillation_amplitude"": 2.8943052117958743, ""oscillation_base_speed"": 7.841032774783143, ""oscillation_period"": 2.978066089718523, ""template_name"": ""straight_follow"", ""trigger_distance"": 15.740419101486527}",0.5751914285714272,4016.2499999999777,False,1.0,22.94999999999987,200.81249999999892,4016.2499999999777,False,True,False,22.94999999999987,18.05625,27.84374999999975,0.0,0.46898928571428405,200.81249999999892,175,success
training_final,ppo_torch,188751578016257,/root/scenge/.cache/carla_evolution_ego_adapter/checkpoint-188751578016257.pt,17,16,1,scenario_01,DynamicObjectCrossing,1,6,6.pth,101675,straight_follow,speed_oscillation,"{""behavior_type"": ""speed_oscillation"", ""ego_lane"": 1, ""ego_speed"": 18.0, ""front_initial_speed"": 10.407714911765492, ""front_offset"": 33.19980235756913, ""oscillation_amplitude"": 2.513438831475436, ""oscillation_base_speed"": 7.763845122487942, ""oscillation_period"": 2.231424834984351, ""template_name"": ""straight_follow"", ""trigger_distance"": 18.824924970458618}",0.5751914285714272,4016.2499999999777,False,1.0,22.94999999999987,200.81249999999892,4016.2499999999777,False,True,False,22.94999999999987,18.05625,27.84374999999975,0.0,0.46898928571428405,200.81249999999892,175,success
training_final,ppo_torch,188751578016257,/root/scenge/.cache/carla_evolution_ego_adapter/checkpoint-188751578016257.pt,18,17,1,scenario_01,DynamicObjectCrossing,1,7,7.pth,101676,straight_follow,speed_oscillation,"{""behavior_type"": ""speed_oscillation"", ""ego_lane"": 1, ""ego_speed"": 18.0, ""front_initial_speed"": 15.147464150229654, ""front_offset"": 33.24324479999003, ""oscillation_amplitude"": 3.5106282551904044, ""oscillation_base_speed"": 10.537627192429342, ""oscillation_period"": 3.0300668374805975, ""template_name"": ""straight_follow"", ""trigger_distance"": 17.05512729659219}",0.5751914285714272,4016.2499999999777,False,1.0,22.94999999999987,200.81249999999892,4016.2499999999777,False,True,False,22.94999999999987,18.05625,27.84374999999975,0.0,0.46898928571428405,200.81249999999892,175,success
training_final,ppo_torch,188751578016257,/root/scenge/.cache/carla_evolution_ego_adapter/checkpoint-188751578016257.pt,19,18,1,scenario_01,DynamicObjectCrossing,1,8,8.pth,101677,straight_follow,speed_oscillation,"{""behavior_type"": ""speed_oscillation"", ""ego_lane"": 1, ""ego_speed"": 18.0, ""front_initial_speed"": 12.669479601512236, ""front_offset"": 35.75512012200707, ""oscillation_amplitude"": 3.8727568451388454, ""oscillation_base_speed"": 9.642878162928074, ""oscillation_period"": 3.3044676227323944, ""template_name"": ""straight_follow"", ""trigger_distance"": 13.771684810540961}",0.5751914285714272,4016.2499999999777,False,1.0,22.94999999999987,200.81249999999892,4016.2499999999777,False,True,False,22.94999999999987,18.05625,27.84374999999975,0.0,0.46898928571428405,200.81249999999892,175,success
training_final,ppo_torch,188751578016257,/root/scenge/.cache/carla_evolution_ego_adapter/checkpoint-188751578016257.pt,20,19,1,scenario_01,DynamicObjectCrossing,1,9,9.pth,101678,straight_follow,speed_oscillation,"{""behavior_type"": ""speed_oscillation"", ""ego_lane"": 1, ""ego_speed"": 18.0, ""front_initial_speed"": 12.213553372438902, ""front_offset"": 34.59591107434168, ""oscillation_amplitude"": 4.36717208374123, ""oscillation_base_speed"": 11.040344336871414, ""oscillation_period"": 3.565077457509711, ""template_name"": ""straight_follow"", ""trigger_distance"": 16.12540434271995}",0.5751914285714272,4016.2499999999777,False,1.0,22.94999999999987,200.81249999999892,4016.2499999999777,False,True,False,22.94999999999987,18.05625,27.84374999999975,0.0,0.46898928571428405,200.81249999999892,175,success
training_final,ppo_torch,188751578016257,/root/scenge/.cache/carla_evolution_ego_adapter/checkpoint-188751578016257.pt,21,20,1,scenario_01,DynamicObjectCrossing,2,0,0.pth,102669,straight_follow,hard_brake,"{""behavior_type"": ""hard_brake"", ""ego_lane"": 1, ""ego_speed"": 18.0, ""front_initial_speed"": 14.67686527018921, ""front_offset"": 30.88324588928567, ""hard_brake_duration"": 1.1641501206732048, ""hard_brake_strength"": 0.9241870037680305, ""recovery_speed"": 3.4064654763842586, ""template_name"": ""straight_follow"", ""trigger_distance"": 20.715122232616263}",0.5751914285714272,4016.2499999999777,False,1.0,22.94999999999987,200.81249999999892,4016.2499999999777,False,True,False,22.94999999999987,18.05625,27.84374999999975,0.0,0.46898928571428405,200.81249999999892,175,success
training_final,ppo_torch,188751578016257,/root/scenge/.cache/carla_evolution_ego_adapter/checkpoint-188751578016257.pt,22,21,1,scenario_01,DynamicObjectCrossing,2,1,1.pth,102670,straight_follow,hard_brake,"{""behavior_type"": ""hard_brake"", ""ego_lane"": 1, ""ego_speed"": 18.0, ""front_initial_speed"": 16.40096441078162, ""front_offset"": 27.203823756570127, ""hard_brake_duration"": 1.2351952736007172, ""hard_brake_strength"": 0.9143056457305413, ""recovery_speed"": 4.931693792359905, ""template_name"": ""straight_follow"", ""trigger_distance"": 16.375667328416633}",0.5751914285714272,4016.2499999999777,False,1.0,22.94999999999987,200.81249999999892,4016.2499999999777,False,True,False,22.94999999999987,18.05625,27.84374999999975,0.0,0.46898928571428405,200.81249999999892,175,success
training_final,ppo_torch,188751578016257,/root/scenge/.cache/carla_evolution_ego_adapter/checkpoint-188751578016257.pt,23,22,1,scenario_01,DynamicObjectCrossing,2,2,2.pth,102671,straight_follow,hard_brake,"{""behavior_type"": ""hard_brake"", ""ego_lane"": 1, ""ego_speed"": 18.0, ""front_initial_speed"": 11.838358434420368, ""front_offset"": 31.956285778843515, ""hard_brake_duration"": 1.0666996118505374, ""hard_brake_strength"": 0.8298401738212999, ""recovery_speed"": 4.378604456293454, ""template_name"": ""straight_follow"", ""trigger_distance"": 18.774441009978855}",0.5751914285714272,4016.2499999999777,False,1.0,22.94999999999987,200.81249999999892,4016.2499999999777,False,True,False,22.94999999999987,18.05625,27.84374999999975,0.0,0.46898928571428405,200.81249999999892,175,success
training_final,ppo_torch,188751578016257,/root/scenge/.cache/carla_evolution_ego_adapter/checkpoint-188751578016257.pt,24,23,1,scenario_01,DynamicObjectCrossing,2,3,3.pth,102672,straight_follow,hard_brake,"{""behavior_type"": ""hard_brake"", ""ego_lane"": 1, ""ego_speed"": 18.0, ""front_initial_speed"": 13.56547392308552, ""front_offset"": 28.411884124229193, ""hard_brake_duration"": 1.733839193623828, ""hard_brake_strength"": 0.8446985596707716, ""recovery_speed"": 3.226126358417764, ""template_name"": ""straight_follow"", ""trigger_distance"": 15.250698656031975}",0.5751914285714272,4016.2499999999777,False,1.0,22.94999999999987,200.81249999999892,4016.2499999999777,False,True,False,22.94999999999987,18.05625,27.84374999999975,0.0,0.46898928571428405,200.81249999999892,175,success
training_final,ppo_torch,188751578016257,/root/scenge/.cache/carla_evolution_ego_adapter/checkpoint-188751578016257.pt,25,24,1,scenario_01,DynamicObjectCrossing,2,4,4.pth,102673,straight_follow,hard_brake,"{""behavior_type"": ""hard_brake"", ""ego_lane"": 1, ""ego_speed"": 18.0, ""front_initial_speed"": 11.52027904789106, ""front_offset"": 33.915946829422154, ""hard_brake_duration"": 1.1084397293724264, ""hard_brake_strength"": 0.9396676183386015, ""recovery_speed"": 4.320643716684444, ""template_name"": ""straight_follow"", ""trigger_distance"": 20.19780874696243}",0.5751914285714272,4016.2499999999777,False,1.0,22.94999999999987,200.81249999999892,4016.2499999999777,False,True,False,22.94999999999987,18.05625,27.84374999999975,0.0,0.46898928571428405,200.81249999999892,175,success
training_final,ppo_torch,188751578016257,/root/scenge/.cache/carla_evolution_ego_adapter/checkpoint-188751578016257.pt,26,25,1,scenario_01,DynamicObjectCrossing,2,5,5.pth,102674,straight_follow,hard_brake,"{""behavior_type"": ""hard_brake"", ""ego_lane"": 1, ""ego_speed"": 18.0, ""front_initial_speed"": 10.98377334395093, ""front_offset"": 32.128428377787905, ""hard_brake_duration"": 1.505609060609364, ""hard_brake_strength"": 0.8228053013148008, ""recovery_speed"": 5.6893676277841285, ""template_name"": ""straight_follow"", ""trigger_distance"": 17.272701513840904}",0.5751914285714272,4016.2499999999777,False,1.0,22.94999999999987,200.81249999999892,4016.2499999999777,False,True,False,22.94999999999987,18.05625,27.84374999999975,0.0,0.46898928571428405,200.81249999999892,175,success
training_final,ppo_torch,188751578016257,/root/scenge/.cache/carla_evolution_ego_adapter/checkpoint-188751578016257.pt,27,26,1,scenario_01,DynamicObjectCrossing,2,6,6.pth,102675,straight_follow,hard_brake,"{""behavior_type"": ""hard_brake"", ""ego_lane"": 1, ""ego_speed"": 18.0, ""front_initial_speed"": 14.73851219304694, ""front_offset"": 37.48625075238113, ""hard_brake_duration"": 1.2873869996658047, ""hard_brake_strength"": 0.8259003666191673, ""recovery_speed"": 5.5646718229873855, ""template_name"": ""straight_follow"", ""trigger_distance"": 18.501987480305928}",0.5751914285714272,4016.2499999999777,False,1.0,22.94999999999987,200.81249999999892,4016.2499999999777,False,True,False,22.94999999999987,18.05625,27.84374999999975,0.0,0.46898928571428405,200.81249999999892,175,success
training_final,ppo_torch,188751578016257,/root/scenge/.cache/carla_evolution_ego_adapter/checkpoint-188751578016257.pt,28,27,1,scenario_01,DynamicObjectCrossing,2,7,7.pth,102676,straight_follow,hard_brake,"{""behavior_type"": ""hard_brake"", ""ego_lane"": 1, ""ego_speed"": 18.0, ""front_initial_speed"": 15.372647929460136, ""front_offset"": 39.48149096006355, ""hard_brake_duration"": 1.8719811346075461, ""hard_brake_strength"": 0.9213009079008508, ""recovery_speed"": 5.111525599792236, ""template_name"": ""straight_follow"", ""trigger_distance"": 19.72378440818753}",0.5751914285714272,4016.2499999999777,False,1.0,22.94999999999987,200.81249999999892,4016.2499999999777,False,True,False,22.94999999999987,18.05625,27.84374999999975,0.0,0.46898928571428405,200.81249999999892,175,success
training_final,ppo_torch,188751578016257,/root/scenge/.cache/carla_evolution_ego_adapter/checkpoint-188751578016257.pt,29,28,1,scenario_01,DynamicObjectCrossing,2,8,8.pth,102677,straight_follow,hard_brake,"{""behavior_type"": ""hard_brake"", ""ego_lane"": 1, ""ego_speed"": 18.0, ""front_initial_speed"": 16.016499717662086, ""front_offset"": 39.98733526066582, ""hard_brake_duration"": 2.0830500187294976, ""hard_brake_strength"": 0.8779346722307507, ""recovery_speed"": 5.166976946031624, ""template_name"": ""straight_follow"", ""trigger_distance"": 20.958267651419025}",0.5751914285714272,4016.2499999999777,False,1.0,22.94999999999987,200.81249999999892,4016.2499999999777,False,True,False,22.94999999999987,18.05625,27.84374999999975,0.0,0.46898928571428405,200.81249999999892,175,success
training_final,ppo_torch,188751578016257,/root/scenge/.cache/carla_evolution_ego_adapter/checkpoint-188751578016257.pt,30,29,1,scenario_01,DynamicObjectCrossing,2,9,9.pth,102678,straight_follow,hard_brake,"{""behavior_type"": ""hard_brake"", ""ego_lane"": 1, ""ego_speed"": 18.0, ""front_initial_speed"": 13.768162370123822, ""front_offset"": 34.27975530528926, ""hard_brake_duration"": 1.9737470830480728, ""hard_brake_strength"": 0.9337130369096562, ""recovery_speed"": 4.519730738103899, ""template_name"": ""straight_follow"", ""trigger_distance"": 22.34615326523873}",0.5751914285714272,4016.2499999999777,False,1.0,22.94999999999987,200.81249999999892,4016.2499999999777,False,True,False,22.94999999999987,18.05625,27.84374999999975,0.0,0.46898928571428405,200.81249999999892,175,success
training_final,ppo_torch,188751578016257,/root/scenge/.cache/carla_evolution_ego_adapter/checkpoint-188751578016257.pt,31,30,1,scenario_01,DynamicObjectCrossing,3,0,0.pth,103669,passing,passing,"{""behavior_type"": ""passing"", ""ego_lane"": 1, ""ego_speed"": 18.0, ""passing_gap"": 23.680120015422077, ""slow_front_offset"": 32.88202378546559, ""slow_front_speed"": 4.687306667323469, ""target_lane"": 0, ""target_lane_front_offset"": 56.56214380088767, ""target_lane_front_speed"": 10.796906567701425, ""template_name"": ""passing""}",0.4076749999999995,2105.274999999992,True,0.5388187499999981,20.924999999999923,107.76374999999962,2105.274999999992,True,False,False,20.924999999999923,18.05625,23.793749999999854,0.0,0.25959374999999935,107.76374999999962,103,collision
training_final,ppo_torch,188751578016257,/root/scenge/.cache/carla_evolution_ego_adapter/checkpoint-188751578016257.pt,32,31,1,scenario_01,DynamicObjectCrossing,3,1,1.pth,103670,passing,passing,"{""behavior_type"": ""passing"", ""ego_lane"": 1, ""ego_speed"": 18.0, ""passing_gap"": 18.356309277398996, ""slow_front_offset"": 28.648882598647308, ""slow_front_speed"": 4.662168544591339, ""target_lane"": 0, ""target_lane_front_offset"": 47.005191876046304, ""target_lane_front_speed"": 13.523947583778902, ""template_name"": ""passing""}",0.42532999999999943,2297.6499999999905,True,0.5869124999999978,21.149999999999913,117.38249999999957,2297.6499999999905,True,False,False,21.149999999999913,18.05625,24.243749999999842,0.0,0.28166249999999926,117.38249999999957,111,collision
training_final,ppo_torch,188751578016257,/root/scenge/.cache/carla_evolution_ego_adapter/checkpoint-188751578016257.pt,33,32,1,scenario_01,DynamicObjectCrossing,3,2,2.pth,103671,passing,passing,"{""behavior_type"": ""passing"", ""ego_lane"": 1, ""ego_speed"": 18.0, ""passing_gap"": 21.849187491408934, ""slow_front_offset"": 28.89555031028174, ""slow_front_speed"": 5.629613286159156, ""target_lane"": 0, ""target_lane_front_offset"": 50.744737801690675, ""target_lane_front_speed"": 9.29848181802738, ""template_name"": ""passing""}",0.3667062499999997,1662.812499999995,True,0.4282031249999988,20.39062499999994,85.64062499999976,1662.812499999995,True,False,False,20.39062499999994,18.05625,22.72499999999988,0.0,0.2083828124999996,85.64062499999976,84,collision
training_final,ppo_torch,188751578016257,/root/scenge/.cache/carla_evolution_ego_adapter/checkpoint-188751578016257.pt,34,33,1,scenario_01,DynamicObjectCrossing,3,3,3.pth,103672,passing,passing,"{""behavior_type"": ""passing"", ""ego_lane"": 1, ""ego_speed"": 18.0, ""passing_gap"": 19.636777519716645, ""slow_front_offset"": 30.120040982479736, ""slow_front_speed"": 5.7998674481180315, ""target_lane"": 0, ""target_lane_front_offset"": 49.75681850219638, ""target_lane_front_speed"": 13.33686666769036, ""template_name"": ""passing""}",0.4320124999999994,2370.71874999999,True,0.6051796874999977,21.23437499999991,121.03593749999955,2370.71874999999,True,False,False,21.23437499999991,18.05625,24.412499999999838,0.0,0.2900156249999992,121.03593749999955,114,collision
training_final,ppo_torch,188751578016257,/root/scenge/.cache/carla_evolution_ego_adapter/checkpoint-188751578016257.pt,35,34,1,scenario_01,DynamicObjectCrossing,3,4,4.pth,103673,passing,passing,"{""behavior_type"": ""passing"", ""ego_lane"": 1, ""ego_speed"": 18.0, ""passing_gap"": 22.544662784663913, ""slow_front_offset"": 31.173497341667243, ""slow_front_speed"": 6.793589115300335, ""target_lane"": 0, ""target_lane_front_offset"": 53.718160126331156, ""target_lane_front_speed"": 14.782794811921882, ""template_name"": ""passing""}",0.4866874999999991,2973.4937499999855,True,0.7558734374999968,21.909374999999894,151.17468749999935,2973.4937499999855,True,False,False,21.909374999999894,18.05625,25.762499999999804,0.0,0.35835937499999887,151.17468749999935,138,collision
training_final,ppo_torch,188751578016257,/root/scenge/.cache/carla_evolution_ego_adapter/checkpoint-188751578016257.pt,36,35,1,scenario_01,DynamicObjectCrossing,3,5,5.pth,103674,passing,passing,"{""behavior_type"": ""passing"", ""ego_lane"": 1, ""ego_speed"": 18.0, ""passing_gap"": 28.73642253553055, ""slow_front_offset"": 28.603683536959423, ""slow_front_speed"": 7.184126063201386, ""target_lane"": 0, ""target_lane_front_offset"": 57.340106072489974, ""target_lane_front_speed"": 10.347559546511953, ""template_name"": ""passing""}",0.40329874999999954,2057.7437499999924,True,0.5269359374999982,20.868749999999924,105.38718749999964,2057.7437499999924,True,False,False,20.868749999999924,18.05625,23.681249999999856,0.0,0.2541234374999994,105.38718749999964,101,collision
training_final,ppo_torch,188751578016257,/root/scenge/.cache/carla_evolution_ego_adapter/checkpoint-188751578016257.pt,37,36,1,scenario_01,DynamicObjectCrossing,3,6,6.pth,103675,passing,passing,"{""behavior_type"": ""passing"", ""ego_lane"": 1, ""ego_speed"": 18.0, ""passing_gap"": 27.20988513269257, ""slow_front_offset"": 32.41877912053922, ""slow_front_speed"": 6.726857824732857, ""target_lane"": 0, ""target_lane_front_offset"": 59.62866425323179, ""target_lane_front_speed"": 9.576225610233916, ""template_name"": ""passing""}",0.3967624999999996,1986.868749999993,True,0.5092171874999983,20.78437499999993,101.84343749999967,1986.868749999993,True,False,False,20.78437499999993,18.05625,23.51249999999986,0.0,0.2459531249999994,101.84343749999967,98,collision
training_final,ppo_torch,188751578016257,/root/scenge/.cache/carla_evolution_ego_adapter/checkpoint-188751578016257.pt,38,37,1,scenario_01,DynamicObjectCrossing,3,7,7.pth,103676,passing,passing,"{""behavior_type"": ""passing"", ""ego_lane"": 1, ""ego_speed"": 18.0, ""passing_gap"": 25.974512070249013, ""slow_front_offset"": 32.330735302240576, ""slow_front_speed"": 6.1541736993017935, ""target_lane"": 0, ""target_lane_front_offset"": 58.30524737248959, ""target_lane_front_speed"": 12.09018272069995, ""template_name"": ""passing""}",0.4387287499999994,2444.2937499999894,True,0.6235734374999976,21.31874999999991,124.71468749999953,2444.2937499999894,True,False,False,21.31874999999991,18.05625,24.581249999999834,0.0,0.2984109374999992,124.71468749999953,117,collision
training_final,ppo_torch,188751578016257,/root/scenge/.cache/carla_evolution_ego_adapter/checkpoint-188751578016257.pt,39,38,1,scenario_01,DynamicObjectCrossing,3,8,8.pth,103677,passing,passing,"{""behavior_type"": ""passing"", ""ego_lane"": 1, ""ego_speed"": 18.0, ""passing_gap"": 25.082120314365152, ""slow_front_offset"": 29.609364784621558, ""slow_front_speed"": 7.255883189550748, ""target_lane"": 0, ""target_lane_front_offset"": 54.69148509898671, ""target_lane_front_speed"": 14.746520951046879, ""template_name"": ""passing""}",0.48901249999999913,2999.3124999999854,True,0.7623281249999967,21.937499999999897,152.46562499999933,2999.3124999999854,True,False,False,21.937499999999897,18.05625,25.818749999999802,0.0,0.36126562499999887,152.46562499999933,139,collision
training_final,ppo_torch,188751578016257,/root/scenge/.cache/carla_evolution_ego_adapter/checkpoint-188751578016257.pt,40,39,1,scenario_01,DynamicObjectCrossing,3,9,9.pth,103678,passing,passing,"{""behavior_type"": ""passing"", ""ego_lane"": 1, ""ego_speed"": 18.0, ""passing_gap"": 31.70558558394572, ""slow_front_offset"": 28.37864859847349, ""slow_front_speed"": 6.9848470130473554, ""target_lane"": 0, ""target_lane_front_offset"": 60.08423418241921, ""target_lane_front_speed"": 9.712796727291256, ""template_name"": ""passing""}",0.4011162499999995,2034.0624999999925,True,0.5210156249999982,20.84062499999993,104.20312499999964,2034.0624999999925,True,False,False,20.84062499999993,18.05625,23.624999999999858,0.0,0.25139531249999936,104.20312499999964,100,collision
training_final,ppo_torch,188751578016257,/root/scenge/.cache/carla_evolution_ego_adapter/checkpoint-188751578016257.pt,41,40,2,scenario_02,VehicleTurningRoute,0,0,0.pth,200669,straight_follow,sudden_decel,"{""behavior_type"": ""sudden_decel"", ""decel_target_speed"": 2.3980588519091595, ""ego_lane"": 1, ""ego_speed"": 18.0, ""front_initial_speed"": 11.897987848548674, ""front_offset"": 20.056641545967103, ""template_name"": ""straight_follow"", ""trigger_distance"": 18.382879995687407}",0.5751914285714272,4016.2499999999777,False,1.0,22.94999999999987,200.81249999999892,4016.2499999999777,False,True,False,22.94999999999987,18.05625,27.84374999999975,0.0,0.46898928571428405,200.81249999999892,175,success
training_final,ppo_torch,188751578016257,/root/scenge/.cache/carla_evolution_ego_adapter/checkpoint-188751578016257.pt,42,41,2,scenario_02,VehicleTurningRoute,0,1,1.pth,200670,straight_follow,sudden_decel,"{""behavior_type"": ""sudden_decel"", ""decel_target_speed"": 3.1255154721391465, ""ego_lane"": 1, ""ego_speed"": 18.0, ""front_initial_speed"": 10.558228280477117, ""front_offset"": 24.46895879046874, ""template_name"": ""straight_follow"", ""trigger_distance"": 18.32896836990564}",0.5751914285714272,4016.2499999999777,False,1.0,22.94999999999987,200.81249999999892,4016.2499999999777,False,True,False,22.94999999999987,18.05625,27.84374999999975,0.0,0.46898928571428405,200.81249999999892,175,success
training_final,ppo_torch,188751578016257,/root/scenge/.cache/carla_evolution_ego_adapter/checkpoint-188751578016257.pt,43,42,2,scenario_02,VehicleTurningRoute,0,2,2.pth,200671,straight_follow,sudden_decel,"{""behavior_type"": ""sudden_decel"", ""decel_target_speed"": 5.178441710188814, ""ego_lane"": 1, ""ego_speed"": 18.0, ""front_initial_speed"": 13.73087775330098, ""front_offset"": 22.030327124207194, ""template_name"": ""straight_follow"", ""trigger_distance"": 17.81928705188126}",0.5751914285714272,4016.2499999999777,False,1.0,22.94999999999987,200.81249999999892,4016.2499999999777,False,True,False,22.94999999999987,18.05625,27.84374999999975,0.0,0.46898928571428405,200.81249999999892,175,success
training_final,ppo_torch,188751578016257,/root/scenge/.cache/carla_evolution_ego_adapter/checkpoint-188751578016257.pt,44,43,2,scenario_02,VehicleTurningRoute,0,3,3.pth,200672,straight_follow,sudden_decel,"{""behavior_type"": ""sudden_decel"", ""decel_target_speed"": 3.8761720679925613, ""ego_lane"": 1, ""ego_speed"": 18.0, ""front_initial_speed"": 14.180485501486439, ""front_offset"": 27.478370714791023, ""template_name"": ""straight_follow"", ""trigger_distance"": 16.62027914124583}",0.5751914285714272,4016.2499999999777,False,1.0,22.94999999999987,200.81249999999892,4016.2499999999777,False,True,False,22.94999999999987,18.05625,27.84374999999975,0.0,0.46898928571428405,200.81249999999892,175,success
training_final,ppo_torch,188751578016257,/root/scenge/.cache/carla_evolution_ego_adapter/checkpoint-188751578016257.pt,45,44,2,scenario_02,VehicleTurningRoute,0,4,4.pth,200673,straight_follow,sudden_decel,"{""behavior_type"": ""sudden_decel"", ""decel_target_speed"": 4.990004019878542, ""ego_lane"": 1, ""ego_speed"": 18.0, ""front_initial_speed"": 13.202177169377546, ""front_offset"": 30.508499448339165, ""template_name"": ""straight_follow"", ""trigger_distance"": 17.430562123263304}",0.5751914285714272,4016.2499999999777,False,1.0,22.94999999999987,200.81249999999892,4016.2499999999777,False,True,False,22.94999999999987,18.05625,27.84374999999975,0.0,0.46898928571428405,200.81249999999892,175,success
training_final,ppo_torch,188751578016257,/root/scenge/.cache/carla_evolution_ego_adapter/checkpoint-188751578016257.pt,46,45,2,scenario_02,VehicleTurningRoute,0,5,5.pth,200674,straight_follow,sudden_decel,"{""behavior_type"": ""sudden_decel"", ""decel_target_speed"": 4.177907920961124, ""ego_lane"": 1, ""ego_speed"": 18.0, ""front_initial_speed"": 15.491807867233181, ""front_offset"": 27.68931908966043, ""template_name"": ""straight_follow"", ""trigger_distance"": 12.199264843957895}",0.5751914285714272,4016.2499999999777,False,1.0,22.94999999999987,200.81249999999892,4016.2499999999777,False,True,False,22.94999999999987,18.05625,27.84374999999975,0.0,0.46898928571428405,200.81249999999892,175,success
training_final,ppo_torch,188751578016257,/root/scenge/.cache/carla_evolution_ego_adapter/checkpoint-188751578016257.pt,47,46,2,scenario_02,VehicleTurningRoute,0,6,6.pth,200675,straight_follow,sudden_decel,"{""behavior_type"": ""sudden_decel"", ""decel_target_speed"": 5.674004766197326, ""ego_lane"": 1, ""ego_speed"": 18.0, ""front_initial_speed"": 13.489830331097403, ""front_offset"": 31.832648236564587, ""template_name"": ""straight_follow"", ""trigger_distance"": 16.15458876563276}",0.5751914285714272,4016.2499999999777,False,1.0,22.94999999999987,200.81249999999892,4016.2499999999777,False,True,False,22.94999999999987,18.05625,27.84374999999975,0.0,0.46898928571428405,200.81249999999892,175,success
training_final,ppo_torch,188751578016257,/root/scenge/.cache/carla_evolution_ego_adapter/checkpoint-188751578016257.pt,48,47,2,scenario_02,VehicleTurningRoute,0,7,7.pth,200676,straight_follow,sudden_decel,"{""behavior_type"": ""sudden_decel"", ""decel_target_speed"": 4.337035256097767, ""ego_lane"": 1, ""ego_speed"": 18.0, ""front_initial_speed"": 10.976920698401287, ""front_offset"": 28.392171761560974, ""template_name"": ""straight_follow"", ""trigger_distance"": 13.460988896629644}",0.5751914285714272,4016.2499999999777,False,1.0,22.94999999999987,200.81249999999892,4016.2499999999777,False,True,False,22.94999999999987,18.05625,27.84374999999975,0.0,0.46898928571428405,200.81249999999892,175,success
training_final,ppo_torch,188751578016257,/root/scenge/.cache/carla_evolution_ego_adapter/checkpoint-188751578016257.pt,49,48,2,scenario_02,VehicleTurningRoute,0,8,8.pth,200677,straight_follow,sudden_decel,"{""behavior_type"": ""sudden_decel"", ""decel_target_speed"": 3.983015269975907, ""ego_lane"": 1, ""ego_speed"": 18.0, ""front_initial_speed"": 15.883703998135012, ""front_offset"": 28.878509341967572, ""template_name"": ""straight_follow"", ""trigger_distance"": 15.23378316327147}",0.5751914285714272,4016.2499999999777,False,1.0,22.94999999999987,200.81249999999892,4016.2499999999777,False,True,False,22.94999999999987,18.05625,27.84374999999975,0.0,0.46898928571428405,200.81249999999892,175,success
training_final,ppo_torch,188751578016257,/root/scenge/.cache/carla_evolution_ego_adapter/checkpoint-188751578016257.pt,50,49,2,scenario_02,VehicleTurningRoute,0,9,9.pth,200678,straight_follow,sudden_decel,"{""behavior_type"": ""sudden_decel"", ""decel_target_speed"": 4.751272802115759, ""ego_lane"": 1, ""ego_speed"": 18.0, ""front_initial_speed"": 12.191052807302873, ""front_offset"": 32.12170696414895, ""template_name"": ""straight_follow"", ""trigger_distance"": 18.313561457634577}",0.5751914285714272,4016.2499999999777,False,1.0,22.94999999999987,200.81249999999892,4016.2499999999777,False,True,False,22.94999999999987,18.05625,27.84374999999975,0.0,0.46898928571428405,200.81249999999892,175,success
training_final,ppo_torch,188751578016257,/root/scenge/.cache/carla_evolution_ego_adapter/checkpoint-188751578016257.pt,51,50,2,scenario_02,VehicleTurningRoute,1,0,0.pth,201669,straight_follow,speed_oscillation,"{""behavior_type"": ""speed_oscillation"", ""ego_lane"": 1, ""ego_speed"": 18.0, ""front_initial_speed"": 12.649929731556826, ""front_offset"": 26.71470421583391, ""oscillation_amplitude"": 2.9488916471584217, ""oscillation_base_speed"": 6.4570937867170155, ""oscillation_period"": 3.670431439703772, ""template_name"": ""straight_follow"", ""trigger_distance"": 20.21733757363829}",0.5751914285714272,4016.2499999999777,False,1.0,22.94999999999987,200.81249999999892,4016.2499999999777,False,True,False,22.94999999999987,18.05625,27.84374999999975,0.0,0.46898928571428405,200.81249999999892,175,success
training_final,ppo_torch,188751578016257,/root/scenge/.cache/carla_evolution_ego_adapter/checkpoint-188751578016257.pt,52,51,2,scenario_02,VehicleTurningRoute,1,1,1.pth,201670,straight_follow,speed_oscillation,"{""behavior_type"": ""speed_oscillation"", ""ego_lane"": 1, ""ego_speed"": 18.0, ""front_initial_speed"": 12.013513334668758, ""front_offset"": 28.723315768611435, ""oscillation_amplitude"": 2.6014479501727052, ""oscillation_base_speed"": 8.268615236668516, ""oscillation_period"": 2.7362738924800034, ""template_name"": ""straight_follow"", ""trigger_distance"": 20.338639582239914}",0.5751914285714272,4016.2499999999777,False,1.0,22.94999999999987,200.81249999999892,4016.2499999999777,False,True,False,22.94999999999987,18.05625,27.84374999999975,0.0,0.46898928571428405,200.81249999999892,175,success
training_final,ppo_torch,188751578016257,/root/scenge/.cache/carla_evolution_ego_adapter/checkpoint-188751578016257.pt,53,52,2,scenario_02,VehicleTurningRoute,1,2,2.pth,201671,straight_follow,speed_oscillation,"{""behavior_type"": ""speed_oscillation"", ""ego_lane"": 1, ""ego_speed"": 18.0, ""front_initial_speed"": 14.256959287622706, ""front_offset"": 27.360079903398123, ""oscillation_amplitude"": 2.912972920626146, ""oscillation_base_speed"": 10.247445290738277, ""oscillation_period"": 3.332058915111098, ""template_name"": ""straight_follow"", ""trigger_distance"": 16.160196173991874}",0.5751914285714272,4016.2499999999777,False,1.0,22.94999999999987,200.81249999999892,4016.2499999999777,False,True,False,22.94999999999987,18.05625,27.84374999999975,0.0,0.46898928571428405,200.81249999999892,175,success
training_final,ppo_torch,188751578016257,/root/scenge/.cache/carla_evolution_ego_adapter/checkpoint-188751578016257.pt,54,53,2,scenario_02,VehicleTurningRoute,1,3,3.pth,201672,straight_follow,speed_oscillation,"{""behavior_type"": ""speed_oscillation"", ""ego_lane"": 1, ""ego_speed"": 18.0, ""front_initial_speed"": 12.206478558990712, ""front_offset"": 31.148632275976055, ""oscillation_amplitude"": 2.739766616835043, ""oscillation_base_speed"": 8.615989116311363, ""oscillation_period"": 3.193085804253851, ""template_name"": ""straight_follow"", ""trigger_distance"": 19.154369728882735}",0.5751914285714272,4016.2499999999777,False,1.0,22.94999999999987,200.81249999999892,4016.2499999999777,False,True,False,22.94999999999987,18.05625,27.84374999999975,0.0,0.46898928571428405,200.81249999999892,175,success
training_final,ppo_torch,188751578016257,/root/scenge/.cache/carla_evolution_ego_adapter/checkpoint-188751578016257.pt,55,54,2,scenario_02,VehicleTurningRoute,1,4,4.pth,201673,straight_follow,speed_oscillation,"{""behavior_type"": ""speed_oscillation"", ""ego_lane"": 1, ""ego_speed"": 18.0, ""front_initial_speed"": 15.286662511993981, ""front_offset"": 31.14864010982584, ""oscillation_amplitude"": 4.300189533216024, ""oscillation_base_speed"": 10.127677560652797, ""oscillation_period"": 3.6374000133038207, ""template_name"": ""straight_follow"", ""trigger_distance"": 19.786599662182375}",0.5751914285714272,4016.2499999999777,False,1.0,22.94999999999987,200.81249999999892,4016.2499999999777,False,True,False,22.94999999999987,18.05625,27.84374999999975,0.0,0.46898928571428405,200.81249999999892,175,success
training_final,ppo_torch,188751578016257,/root/scenge/.cache/carla_evolution_ego_adapter/checkpoint-188751578016257.pt,56,55,2,scenario_02,VehicleTurningRoute,1,5,5.pth,201674,straight_follow,speed_oscillation,"{""behavior_type"": ""speed_oscillation"", ""ego_lane"": 1, ""ego_speed"": 18.0, ""front_initial_speed"": 14.398283763729095, ""front_offset"": 34.29499141989256, ""oscillation_amplitude"": 3.3622995411577117, ""oscillation_base_speed"": 7.897804349651883, ""oscillation_period"": 2.680119772040066, ""template_name"": ""straight_follow"", ""trigger_distance"": 14.154875768785711}",0.5751914285714272,4016.2499999999777,False,1.0,22.94999999999987,200.81249999999892,4016.2499999999777,False,True,False,22.94999999999987,18.05625,27.84374999999975,0.0,0.46898928571428405,200.81249999999892,175,success
training_final,ppo_torch,188751578016257,/root/scenge/.cache/carla_evolution_ego_adapter/checkpoint-188751578016257.pt,57,56,2,scenario_02,VehicleTurningRoute,1,6,6.pth,201675,straight_follow,speed_oscillation,"{""behavior_type"": ""speed_oscillation"", ""ego_lane"": 1, ""ego_speed"": 18.0, ""front_initial_speed"": 15.858267098395437, ""front_offset"": 31.38512054732002, ""oscillation_amplitude"": 3.665355996615107, ""oscillation_base_speed"": 11.258761988351923, ""oscillation_period"": 2.2910747719924247, ""template_name"": ""straight_follow"", ""trigger_distance"": 17.6836748202412}",0.5751914285714272,4016.2499999999777,False,1.0,22.94999999999987,200.81249999999892,4016.2499999999777,False,True,False,22.94999999999987,18.05625,27.84374999999975,0.0,0.46898928571428405,200.81249999999892,175,success
training_final,ppo_torch,188751578016257,/root/scenge/.cache/carla_evolution_ego_adapter/checkpoint-188751578016257.pt,58,57,2,scenario_02,VehicleTurningRoute,1,7,7.pth,201676,straight_follow,speed_oscillation,"{""behavior_type"": ""speed_oscillation"", ""ego_lane"": 1, ""ego_speed"": 18.0, ""front_initial_speed"": 16.16390850468703, ""front_offset"": 35.21965162763057, ""oscillation_amplitude"": 3.5139263747127805, ""oscillation_base_speed"": 11.471953850347909, ""oscillation_period"": 3.7237160012954322, ""template_name"": ""straight_follow"", ""trigger_distance"": 19.55501304020593}",0.5751914285714272,4016.2499999999777,False,1.0,22.94999999999987,200.81249999999892,4016.2499999999777,False,True,False,22.94999999999987,18.05625,27.84374999999975,0.0,0.46898928571428405,200.81249999999892,175,success
training_final,ppo_torch,188751578016257,/root/scenge/.cache/carla_evolution_ego_adapter/checkpoint-188751578016257.pt,59,58,2,scenario_02,VehicleTurningRoute,1,8,8.pth,201677,straight_follow,speed_oscillation,"{""behavior_type"": ""speed_oscillation"", ""ego_lane"": 1, ""ego_speed"": 18.0, ""front_initial_speed"": 10.717482342003722, ""front_offset"": 30.04987257784758, ""oscillation_amplitude"": 3.7404310695967746, ""oscillation_base_speed"": 10.152948803895251, ""oscillation_period"": 2.9595053262914437, ""template_name"": ""straight_follow"", ""trigger_distance"": 17.374247501728583}",0.5751914285714272,4016.2499999999777,False,1.0,22.94999999999987,200.81249999999892,4016.2499999999777,False,True,False,22.94999999999987,18.05625,27.84374999999975,0.0,0.46898928571428405,200.81249999999892,175,success
training_final,ppo_torch,188751578016257,/root/scenge/.cache/carla_evolution_ego_adapter/checkpoint-188751578016257.pt,60,59,2,scenario_02,VehicleTurningRoute,1,9,9.pth,201678,straight_follow,speed_oscillation,"{""behavior_type"": ""speed_oscillation"", ""ego_lane"": 1, ""ego_speed"": 18.0, ""front_initial_speed"": 15.263996584610203, ""front_offset"": 36.798967651439284, ""oscillation_amplitude"": 2.8401068021428655, ""oscillation_base_speed"": 9.045343128786865, ""oscillation_period"": 2.886142274752415, ""template_name"": ""straight_follow"", ""trigger_distance"": 17.84365275934736}",0.5751914285714272,4016.2499999999777,False,1.0,22.94999999999987,200.81249999999892,4016.2499999999777,False,True,False,22.94999999999987,18.05625,27.84374999999975,0.0,0.46898928571428405,200.81249999999892,175,success
training_final,ppo_torch,188751578016257,/root/scenge/.cache/carla_evolution_ego_adapter/checkpoint-188751578016257.pt,61,60,2,scenario_02,VehicleTurningRoute,2,0,0.pth,202669,straight_follow,hard_brake,"{""behavior_type"": ""hard_brake"", ""ego_lane"": 1, ""ego_speed"": 18.0, ""front_initial_speed"": 11.321898590310074, ""front_offset"": 26.06700489516263, ""hard_brake_duration"": 0.7817015310884484, ""hard_brake_strength"": 0.7412330492663587, ""recovery_speed"": 5.481144884976684, ""template_name"": ""straight_follow"", ""trigger_distance"": 22.79972154182815}",0.5751914285714272,4016.2499999999777,False,1.0,22.94999999999987,200.81249999999892,4016.2499999999777,False,True,False,22.94999999999987,18.05625,27.84374999999975,0.0,0.46898928571428405,200.81249999999892,175,success
training_final,ppo_torch,188751578016257,/root/scenge/.cache/carla_evolution_ego_adapter/checkpoint-188751578016257.pt,62,61,2,scenario_02,VehicleTurningRoute,2,1,1.pth,202670,straight_follow,hard_brake,"{""behavior_type"": ""hard_brake"", ""ego_lane"": 1, ""ego_speed"": 18.0, ""front_initial_speed"": 13.706468016485612, ""front_offset"": 29.998444258715786, ""hard_brake_duration"": 1.3293405543004004, ""hard_brake_strength"": 0.8331839347225227, ""recovery_speed"": 3.337139112465497, ""template_name"": ""straight_follow"", ""trigger_distance"": 18.949336904130142}",0.5751914285714272,4016.2499999999777,False,1.0,22.94999999999987,200.81249999999892,4016.2499999999777,False,True,False,22.94999999999987,18.05625,27.84374999999975,0.0,0.46898928571428405,200.81249999999892,175,success
training_final,ppo_torch,188751578016257,/root/scenge/.cache/carla_evolution_ego_adapter/checkpoint-188751578016257.pt,63,62,2,scenario_02,VehicleTurningRoute,2,2,2.pth,202671,straight_follow,hard_brake,"{""behavior_type"": ""hard_brake"", ""ego_lane"": 1, ""ego_speed"": 18.0, ""front_initial_speed"": 14.859475372660283, ""front_offset"": 28.834205796189526, ""hard_brake_duration"": 1.2270132476643392, ""hard_brake_strength"": 0.8043594021572051, ""recovery_speed"": 3.0160101351053843, ""template_name"": ""straight_follow"", ""trigger_distance"": 20.5378886931661}",0.5751914285714272,4016.2499999999777,False,1.0,22.94999999999987,200.81249999999892,4016.2499999999777,False,True,False,22.94999999999987,18.05625,27.84374999999975,0.0,0.46898928571428405,200.81249999999892,175,success
training_final,ppo_torch,188751578016257,/root/scenge/.cache/carla_evolution_ego_adapter/checkpoint-188751578016257.pt,64,63,2,scenario_02,VehicleTurningRoute,2,3,3.pth,202672,straight_follow,hard_brake,"{""behavior_type"": ""hard_brake"", ""ego_lane"": 1, ""ego_speed"": 18.0, ""front_initial_speed"": 15.509046353319073, ""front_offset"": 32.33687307249804, ""hard_brake_duration"": 1.0268308975080478, ""hard_brake_strength"": 0.8417257405811821, ""recovery_speed"": 3.2485689588728768, ""template_name"": ""straight_follow"", ""trigger_distance"": 17.02672857435652}",0.5751914285714272,4016.2499999999777,False,1.0,22.94999999999987,200.81249999999892,4016.2499999999777,False,True,False,22.94999999999987,18.05625,27.84374999999975,0.0,0.46898928571428405,200.81249999999892,175,success
training_final,ppo_torch,188751578016257,/root/scenge/.cache/carla_evolution_ego_adapter/checkpoint-188751578016257.pt,65,64,2,scenario_02,VehicleTurningRoute,2,4,4.pth,202673,straight_follow,hard_brake,"{""behavior_type"": ""hard_brake"", ""ego_lane"": 1, ""ego_speed"": 18.0, ""front_initial_speed"": 15.826679850799415, ""front_offset"": 30.081279863712105, ""hard_brake_duration"": 1.3259760411047417, ""hard_brake_strength"": 0.7957246369341116, ""recovery_speed"": 3.251969512560867, ""template_name"": ""straight_follow"", ""trigger_distance"": 18.690775095869643}",0.5751914285714272,4016.2499999999777,False,1.0,22.94999999999987,200.81249999999892,4016.2499999999777,False,True,False,22.94999999999987,18.05625,27.84374999999975,0.0,0.46898928571428405,200.81249999999892,175,success
training_final,ppo_torch,188751578016257,/root/scenge/.cache/carla_evolution_ego_adapter/checkpoint-188751578016257.pt,66,65,2,scenario_02,VehicleTurningRoute,2,5,5.pth,202674,straight_follow,hard_brake,"{""behavior_type"": ""hard_brake"", ""ego_lane"": 1, ""ego_speed"": 18.0, ""front_initial_speed"": 12.092455197248533, ""front_offset"": 30.86378867296618, ""hard_brake_duration"": 1.4800823519531348, ""hard_brake_strength"": 0.7304474131530361, ""recovery_speed"": 3.3787942949640644, ""template_name"": ""straight_follow"", ""trigger_distance"": 15.816121568888397}",0.5751914285714272,4016.2499999999777,False,1.0,22.94999999999987,200.81249999999892,4016.2499999999777,False,True,False,22.94999999999987,18.05625,27.84374999999975,0.0,0.46898928571428405,200.81249999999892,175,success
training_final,ppo_torch,188751578016257,/root/scenge/.cache/carla_evolution_ego_adapter/checkpoint-188751578016257.pt,67,66,2,scenario_02,VehicleTurningRoute,2,6,6.pth,202675,straight_follow,hard_brake,"{""behavior_type"": ""hard_brake"", ""ego_lane"": 1, ""ego_speed"": 18.0, ""front_initial_speed"": 13.87947513250495, ""front_offset"": 35.44498421370356, ""hard_brake_duration"": 1.7920772736926094, ""hard_brake_strength"": 0.8855099810557869, ""recovery_speed"": 3.4996927104754056, ""template_name"": ""straight_follow"", ""trigger_distance"": 17.311593575709548}",0.5751914285714272,4016.2499999999777,False,1.0,22.94999999999987,200.81249999999892,4016.2499999999777,False,True,False,22.94999999999987,18.05625,27.84374999999975,0.0,0.46898928571428405,200.81249999999892,175,success
training_final,ppo_torch,188751578016257,/root/scenge/.cache/carla_evolution_ego_adapter/checkpoint-188751578016257.pt,68,67,2,scenario_02,VehicleTurningRoute,2,7,7.pth,202676,straight_follow,hard_brake,"{""behavior_type"": ""hard_brake"", ""ego_lane"": 1, ""ego_speed"": 18.0, ""front_initial_speed"": 15.579833211899302, ""front_offset"": 34.130420289381846, ""hard_brake_duration"": 2.198627628754146, ""hard_brake_strength"": 0.8619340264351939, ""recovery_speed"": 4.845845649103807, ""template_name"": ""straight_follow"", ""trigger_distance"": 19.35219168818555}",0.5751914285714272,4016.2499999999777,False,1.0,22.94999999999987,200.81249999999892,4016.2499999999777,False,True,False,22.94999999999987,18.05625,27.84374999999975,0.0,0.46898928571428405,200.81249999999892,175,success
training_final,ppo_torch,188751578016257,/root/scenge/.cache/carla_evolution_ego_adapter/checkpoint-188751578016257.pt,69,68,2,scenario_02,VehicleTurningRoute,2,8,8.pth,202677,straight_follow,hard_brake,"{""behavior_type"": ""hard_brake"", ""ego_lane"": 1, ""ego_speed"": 18.0, ""front_initial_speed"": 14.388215211298991, ""front_offset"": 39.40647914472305, ""hard_brake_duration"": 2.0028792972496055, ""hard_brake_strength"": 0.9663888627638421, ""recovery_speed"": 3.2857023011551334, ""template_name"": ""straight_follow"", ""trigger_distance"": 22.857232098167042}",0.5751914285714272,4016.2499999999777,False,1.0,22.94999999999987,200.81249999999892,4016.2499999999777,False,True,False,22.94999999999987,18.05625,27.84374999999975,0.0,0.46898928571428405,200.81249999999892,175,success
training_final,ppo_torch,188751578016257,/root/scenge/.cache/carla_evolution_ego_adapter/checkpoint-188751578016257.pt,70,69,2,scenario_02,VehicleTurningRoute,2,9,9.pth,202678,straight_follow,hard_brake,"{""behavior_type"": ""hard_brake"", ""ego_lane"": 1, ""ego_speed"": 18.0, ""front_initial_speed"": 11.87671731579207, ""front_offset"": 34.635956394291114, ""hard_brake_duration"": 2.2300015025270614, ""hard_brake_strength"": 0.7564868749771813, ""recovery_speed"": 5.670339024770562, ""template_name"": ""straight_follow"", ""trigger_distance"": 19.54095644452894}",0.5751914285714272,4016.2499999999777,False,1.0,22.94999999999987,200.81249999999892,4016.2499999999777,False,True,False,22.94999999999987,18.05625,27.84374999999975,0.0,0.46898928571428405,200.81249999999892,175,success
training_final,ppo_torch,188751578016257,/root/scenge/.cache/carla_evolution_ego_adapter/checkpoint-188751578016257.pt,71,70,2,scenario_02,VehicleTurningRoute,3,0,0.pth,203669,passing,passing,"{""behavior_type"": ""passing"", ""ego_lane"": 1, ""ego_speed"": 18.0, ""passing_gap"": 23.53440171227367, ""slow_front_offset"": 32.364868707201275, ""slow_front_speed"": 4.042362040144636, ""target_lane"": 0, ""target_lane_front_offset"": 55.899270419474945, ""target_lane_front_speed"": 10.674120751939189, ""template_name"": ""passing""}",0.40329874999999954,2057.7437499999924,True,0.5269359374999982,20.868749999999924,105.38718749999964,2057.7437499999924,True,False,False,20.868749999999924,18.05625,23.681249999999856,0.0,0.2541234374999994,105.38718749999964,101,collision
training_final,ppo_torch,188751578016257,/root/scenge/.cache/carla_evolution_ego_adapter/checkpoint-188751578016257.pt,72,71,2,scenario_02,VehicleTurningRoute,3,1,1.pth,203670,passing,passing,"{""behavior_type"": ""passing"", ""ego_lane"": 1, ""ego_speed"": 18.0, ""passing_gap"": 24.896702091887803, ""slow_front_offset"": 34.32295086456586, ""slow_front_speed"": 4.576806989292726, ""target_lane"": 0, ""target_lane_front_offset"": 59.219652956453665, ""target_lane_front_speed"": 10.047191752727171, ""template_name"": ""passing""}",0.40329874999999954,2057.7437499999924,True,0.5269359374999982,20.868749999999924,105.38718749999964,2057.7437499999924,True,False,False,20.868749999999924,18.05625,23.681249999999856,0.0,0.2541234374999994,105.38718749999964,101,collision
training_final,ppo_torch,188751578016257,/root/scenge/.cache/carla_evolution_ego_adapter/checkpoint-188751578016257.pt,73,72,2,scenario_02,VehicleTurningRoute,3,2,2.pth,203671,passing,passing,"{""behavior_type"": ""passing"", ""ego_lane"": 1, ""ego_speed"": 18.0, ""passing_gap"": 20.77244089935988, ""slow_front_offset"": 28.3255211468676, ""slow_front_speed"": 4.556680038805171, ""target_lane"": 0, ""target_lane_front_offset"": 49.09796204622748, ""target_lane_front_speed"": 13.334136464636387, ""template_name"": ""passing""}",0.4297812499999994,2346.30624999999,True,0.5990765624999977,21.206249999999912,119.81531249999955,2346.30624999999,True,False,False,21.206249999999912,18.05625,24.35624999999984,0.0,0.2872265624999992,119.81531249999955,113,collision
training_final,ppo_torch,188751578016257,/root/scenge/.cache/carla_evolution_ego_adapter/checkpoint-188751578016257.pt,74,73,2,scenario_02,VehicleTurningRoute,3,3,3.pth,203672,passing,passing,"{""behavior_type"": ""passing"", ""ego_lane"": 1, ""ego_speed"": 18.0, ""passing_gap"": 28.536222668657487, ""slow_front_offset"": 34.06533258720493, ""slow_front_speed"": 6.066952079093629, ""target_lane"": 0, ""target_lane_front_offset"": 62.601555255862415, ""target_lane_front_speed"": 9.901748977858407, ""template_name"": ""passing""}",0.41206624999999947,2153.031249999992,True,0.550757812499998,20.98124999999992,110.1515624999996,2153.031249999992,True,False,False,20.98124999999992,18.05625,23.90624999999985,0.0,0.2650828124999993,110.1515624999996,105,collision
training_final,ppo_torch,188751578016257,/root/scenge/.cache/carla_evolution_ego_adapter/checkpoint-188751578016257.pt,75,74,2,scenario_02,VehicleTurningRoute,3,4,4.pth,203673,passing,passing,"{""behavior_type"": ""passing"", ""ego_lane"": 1, ""ego_speed"": 18.0, ""passing_gap"": 28.574852698709986, ""slow_front_offset"": 26.91135946793769, ""slow_front_speed"": 6.669338829040743, ""target_lane"": 0, ""target_lane_front_offset"": 55.486212166647675, ""target_lane_front_speed"": 11.930602606398734, ""template_name"": ""passing""}",0.42532999999999943,2297.6499999999905,True,0.5869124999999978,21.149999999999913,117.38249999999957,2297.6499999999905,True,False,False,21.149999999999913,18.05625,24.243749999999842,0.0,0.28166249999999926,117.38249999999957,111,collision
training_final,ppo_torch,188751578016257,/root/scenge/.cache/carla_evolution_ego_adapter/checkpoint-188751578016257.pt,76,75,2,scenario_02,VehicleTurningRoute,3,5,5.pth,203674,passing,passing,"{""behavior_type"": ""passing"", ""ego_lane"": 1, ""ego_speed"": 18.0, ""passing_gap"": 26.38161053612856, ""slow_front_offset"": 30.721083057960694, ""slow_front_speed"": 6.593366075376037, ""target_lane"": 0, ""target_lane_front_offset"": 57.10269359408925, ""target_lane_front_speed"": 11.201453408434055, ""template_name"": ""passing""}",0.41647249999999947,2201.012499999991,True,0.562753124999998,21.037499999999916,112.55062499999958,2201.012499999991,True,False,False,21.037499999999916,18.05625,24.018749999999848,0.0,0.2705906249999993,112.55062499999958,107,collision
training_final,ppo_torch,188751578016257,/root/scenge/.cache/carla_evolution_ego_adapter/checkpoint-188751578016257.pt,77,76,2,scenario_02,VehicleTurningRoute,3,6,6.pth,203675,passing,passing,"{""behavior_type"": ""passing"", ""ego_lane"": 1, ""ego_speed"": 18.0, ""passing_gap"": 24.984081033435253, ""slow_front_offset"": 34.425981752635835, ""slow_front_speed"": 7.106072814383352, ""target_lane"": 0, ""target_lane_front_offset"": 59.41006278607109, ""target_lane_front_speed"": 9.271367252862952, ""template_name"": ""passing""}",0.39242374999999957,1939.8999999999933,True,0.4974749999999984,20.72812499999993,99.49499999999968,1939.8999999999933,True,False,False,20.72812499999993,18.05625,23.399999999999864,0.0,0.24052968749999945,99.49499999999968,96,collision
training_final,ppo_torch,188751578016257,/root/scenge/.cache/carla_evolution_ego_adapter/checkpoint-188751578016257.pt,78,77,2,scenario_02,VehicleTurningRoute,3,7,7.pth,203676,passing,passing,"{""behavior_type"": ""passing"", ""ego_lane"": 1, ""ego_speed"": 18.0, ""passing_gap"": 29.613253731402622, ""slow_front_offset"": 32.112869031362465, ""slow_front_speed"": 7.482362176060212, ""target_lane"": 0, ""target_lane_front_offset"": 61.72612276276509, ""target_lane_front_speed"": 9.934399565877674, ""template_name"": ""passing""}",0.4098687499999995,2129.124999999992,True,0.5447812499999981,20.953124999999922,108.95624999999961,2129.124999999992,True,False,False,20.953124999999922,18.05625,23.849999999999852,0.0,0.26233593749999934,108.95624999999961,104,collision
training_final,ppo_torch,188751578016257,/root/scenge/.cache/carla_evolution_ego_adapter/checkpoint-188751578016257.pt,79,78,2,scenario_02,VehicleTurningRoute,3,8,8.pth,203677,passing,passing,"{""behavior_type"": ""passing"", ""ego_lane"": 1, ""ego_speed"": 18.0, ""passing_gap"": 24.019604517982355, ""slow_front_offset"": 26.878414896640212, ""slow_front_speed"": 6.557627086604315, ""target_lane"": 0, ""target_lane_front_offset"": 50.89801941462257, ""target_lane_front_speed"": 9.937641236754025, ""template_name"": ""passing""}",0.37521874999999966,1754.2749999999944,True,0.4510687499999987,20.503124999999937,90.21374999999973,1754.2749999999944,True,False,False,20.503124999999937,18.05625,22.949999999999875,0.0,0.21902343749999956,90.21374999999973,88,collision
training_final,ppo_torch,188751578016257,/root/scenge/.cache/carla_evolution_ego_adapter/checkpoint-188751578016257.pt,80,79,2,scenario_02,VehicleTurningRoute,3,9,9.pth,203678,passing,passing,"{""behavior_type"": ""passing"", ""ego_lane"": 1, ""ego_speed"": 18.0, ""passing_gap"": 32.28143978105011, ""slow_front_offset"": 30.978581132880176, ""slow_front_speed"": 7.770959024676582, ""target_lane"": 0, ""target_lane_front_offset"": 63.26002091393029, ""target_lane_front_speed"": 9.73567638904275, ""template_name"": ""passing""}",0.41206624999999947,2153.031249999992,True,0.550757812499998,20.98124999999992,110.1515624999996,2153.031249999992,True,False,False,20.98124999999992,18.05625,23.90624999999985,0.0,0.2650828124999993,110.1515624999996,105,collision
training_final,ppo_torch,188751578016257,/root/scenge/.cache/carla_evolution_ego_adapter/checkpoint-188751578016257.pt,81,80,3,scenario_03,OtherLeadingVehicle,0,0,0.pth,300669,straight_follow,sudden_decel,"{""behavior_type"": ""sudden_decel"", ""decel_target_speed"": 2.8663306589110045, ""ego_lane"": 1, ""ego_speed"": 18.0, ""front_initial_speed"": 15.384281843595227, ""front_offset"": 21.82988054497411, ""template_name"": ""straight_follow"", ""trigger_distance"": 13.01148283772676}",0.5751914285714272,4016.2499999999777,False,1.0,22.94999999999987,200.81249999999892,4016.2499999999777,False,True,False,22.94999999999987,18.05625,27.84374999999975,0.0,0.46898928571428405,200.81249999999892,175,success
training_final,ppo_torch,188751578016257,/root/scenge/.cache/carla_evolution_ego_adapter/checkpoint-188751578016257.pt,82,81,3,scenario_03,OtherLeadingVehicle,0,1,1.pth,300670,straight_follow,sudden_decel,"{""behavior_type"": ""sudden_decel"", ""decel_target_speed"": 3.0613105342240305, ""ego_lane"": 1, ""ego_speed"": 18.0, ""front_initial_speed"": 13.468700031891885, ""front_offset"": 21.246781938716374, ""template_name"": ""straight_follow"", ""trigger_distance"": 17.659391859641804}",0.5751914285714272,4016.2499999999777,False,1.0,22.94999999999987,200.81249999999892,4016.2499999999777,False,True,False,22.94999999999987,18.05625,27.84374999999975,0.0,0.46898928571428405,200.81249999999892,175,success
training_final,ppo_torch,188751578016257,/root/scenge/.cache/carla_evolution_ego_adapter/checkpoint-188751578016257.pt,83,82,3,scenario_03,OtherLeadingVehicle,0,2,2.pth,300671,straight_follow,sudden_decel,"{""behavior_type"": ""sudden_decel"", ""decel_target_speed"": 3.849870275920186, ""ego_lane"": 1, ""ego_speed"": 18.0, ""front_initial_speed"": 13.830888349984841, ""front_offset"": 25.575281301391037, ""template_name"": ""straight_follow"", ""trigger_distance"": 13.54696100833609}",0.5751914285714272,4016.2499999999777,False,1.0,22.94999999999987,200.81249999999892,4016.2499999999777,False,True,False,22.94999999999987,18.05625,27.84374999999975,0.0,0.46898928571428405,200.81249999999892,175,success
training_final,ppo_torch,188751578016257,/root/scenge/.cache/carla_evolution_ego_adapter/checkpoint-188751578016257.pt,84,83,3,scenario_03,OtherLeadingVehicle,0,3,3.pth,300672,straight_follow,sudden_decel,"{""behavior_type"": ""sudden_decel"", ""decel_target_speed"": 3.5795694873584116, ""ego_lane"": 1, ""ego_speed"": 18.0, ""front_initial_speed"": 14.862764952354802, ""front_offset"": 27.793868181717016, ""template_name"": ""straight_follow"", ""trigger_distance"": 13.233549973546001}",0.5751914285714272,4016.2499999999777,False,1.0,22.94999999999987,200.81249999999892,4016.2499999999777,False,True,False,22.94999999999987,18.05625,27.84374999999975,0.0,0.46898928571428405,200.81249999999892,175,success
training_final,ppo_torch,188751578016257,/root/scenge/.cache/carla_evolution_ego_adapter/checkpoint-188751578016257.pt,85,84,3,scenario_03,OtherLeadingVehicle,0,4,4.pth,300673,straight_follow,sudden_decel,"{""behavior_type"": ""sudden_decel"", ""decel_target_speed"": 3.321820376689809, ""ego_lane"": 1, ""ego_speed"": 18.0, ""front_initial_speed"": 11.604545532666826, ""front_offset"": 29.173049760469432, ""template_name"": ""straight_follow"", ""trigger_distance"": 16.734284487131518}",0.5751914285714272,4016.2499999999777,False,1.0,22.94999999999987,200.81249999999892,4016.2499999999777,False,True,False,22.94999999999987,18.05625,27.84374999999975,0.0,0.46898928571428405,200.81249999999892,175,success
training_final,ppo_torch,188751578016257,/root/scenge/.cache/carla_evolution_ego_adapter/checkpoint-188751578016257.pt,86,85,3,scenario_03,OtherLeadingVehicle,0,5,5.pth,300674,straight_follow,sudden_decel,"{""behavior_type"": ""sudden_decel"", ""decel_target_speed"": 3.293790395192718, ""ego_lane"": 1, ""ego_speed"": 18.0, ""front_initial_speed"": 12.009926953978324, ""front_offset"": 29.42157988535966, ""template_name"": ""straight_follow"", ""trigger_distance"": 18.578258747249283}",0.5751914285714272,4016.2499999999777,False,1.0,22.94999999999987,200.81249999999892,4016.2499999999777,False,True,False,22.94999999999987,18.05625,27.84374999999975,0.0,0.46898928571428405,200.81249999999892,175,success
training_final,ppo_torch,188751578016257,/root/scenge/.cache/carla_evolution_ego_adapter/checkpoint-188751578016257.pt,87,86,3,scenario_03,OtherLeadingVehicle,0,6,6.pth,300675,straight_follow,sudden_decel,"{""behavior_type"": ""sudden_decel"", ""decel_target_speed"": 4.799281902003055, ""ego_lane"": 1, ""ego_speed"": 18.0, ""front_initial_speed"": 12.006307132504023, ""front_offset"": 25.091762487154206, ""template_name"": ""straight_follow"", ""trigger_distance"": 17.635666162797776}",0.5751914285714272,4016.2499999999777,False,1.0,22.94999999999987,200.81249999999892,4016.2499999999777,False,True,False,22.94999999999987,18.05625,27.84374999999975,0.0,0.46898928571428405,200.81249999999892,175,success
training_final,ppo_torch,188751578016257,/root/scenge/.cache/carla_evolution_ego_adapter/checkpoint-188751578016257.pt,88,87,3,scenario_03,OtherLeadingVehicle,0,7,7.pth,300676,straight_follow,sudden_decel,"{""behavior_type"": ""sudden_decel"", ""decel_target_speed"": 3.193212065897256, ""ego_lane"": 1, ""ego_speed"": 18.0, ""front_initial_speed"": 11.350340227242798, ""front_offset"": 28.272774818593664, ""template_name"": ""straight_follow"", ""trigger_distance"": 12.756529975901937}",0.5751914285714272,4016.2499999999777,False,1.0,22.94999999999987,200.81249999999892,4016.2499999999777,False,True,False,22.94999999999987,18.05625,27.84374999999975,0.0,0.46898928571428405,200.81249999999892,175,success
training_final,ppo_torch,188751578016257,/root/scenge/.cache/carla_evolution_ego_adapter/checkpoint-188751578016257.pt,89,88,3,scenario_03,OtherLeadingVehicle,0,8,8.pth,300677,straight_follow,sudden_decel,"{""behavior_type"": ""sudden_decel"", ""decel_target_speed"": 3.4074336822345335, ""ego_lane"": 1, ""ego_speed"": 18.0, ""front_initial_speed"": 14.34712283747593, ""front_offset"": 27.723754524770527, ""template_name"": ""straight_follow"", ""trigger_distance"": 15.682601358023625}",0.5751914285714272,4016.2499999999777,False,1.0,22.94999999999987,200.81249999999892,4016.2499999999777,False,True,False,22.94999999999987,18.05625,27.84374999999975,0.0,0.46898928571428405,200.81249999999892,175,success
training_final,ppo_torch,188751578016257,/root/scenge/.cache/carla_evolution_ego_adapter/checkpoint-188751578016257.pt,90,89,3,scenario_03,OtherLeadingVehicle,0,9,9.pth,300678,straight_follow,sudden_decel,"{""behavior_type"": ""sudden_decel"", ""decel_target_speed"": 3.983794425166837, ""ego_lane"": 1, ""ego_speed"": 18.0, ""front_initial_speed"": 11.871397581524368, ""front_offset"": 31.76073668914479, ""template_name"": ""straight_follow"", ""trigger_distance"": 15.801273286747863}",0.5751914285714272,4016.2499999999777,False,1.0,22.94999999999987,200.81249999999892,4016.2499999999777,False,True,False,22.94999999999987,18.05625,27.84374999999975,0.0,0.46898928571428405,200.81249999999892,175,success
training_final,ppo_torch,188751578016257,/root/scenge/.cache/carla_evolution_ego_adapter/checkpoint-188751578016257.pt,91,90,3,scenario_03,OtherLeadingVehicle,1,0,0.pth,301669,straight_follow,speed_oscillation,"{""behavior_type"": ""speed_oscillation"", ""ego_lane"": 1, ""ego_speed"": 18.0, ""front_initial_speed"": 11.303056350672005, ""front_offset"": 29.488362425966496, ""oscillation_amplitude"": 3.011741102225889, ""oscillation_base_speed"": 8.013427274263185, ""oscillation_period"": 3.194993222014359, ""template_name"": ""straight_follow"", ""trigger_distance"": 14.609040201379598}",0.5751914285714272,4016.2499999999777,False,1.0,22.94999999999987,200.81249999999892,4016.2499999999777,False,True,False,22.94999999999987,18.05625,27.84374999999975,0.0,0.46898928571428405,200.81249999999892,175,success
training_final,ppo_torch,188751578016257,/root/scenge/.cache/carla_evolution_ego_adapter/checkpoint-188751578016257.pt,92,91,3,scenario_03,OtherLeadingVehicle,1,1,1.pth,301670,straight_follow,speed_oscillation,"{""behavior_type"": ""speed_oscillation"", ""ego_lane"": 1, ""ego_speed"": 18.0, ""front_initial_speed"": 13.456557317281806, ""front_offset"": 30.750301291459294, ""oscillation_amplitude"": 3.6204662841384536, ""oscillation_base_speed"": 9.29062724900788, ""oscillation_period"": 2.984334938090717, ""template_name"": ""straight_follow"", ""trigger_distance"": 14.411166332599603}",0.5751914285714272,4016.2499999999777,False,1.0,22.94999999999987,200.81249999999892,4016.2499999999777,False,True,False,22.94999999999987,18.05625,27.84374999999975,0.0,0.46898928571428405,200.81249999999892,175,success
training_final,ppo_torch,188751578016257,/root/scenge/.cache/carla_evolution_ego_adapter/checkpoint-188751578016257.pt,93,92,3,scenario_03,OtherLeadingVehicle,1,2,2.pth,301671,straight_follow,speed_oscillation,"{""behavior_type"": ""speed_oscillation"", ""ego_lane"": 1, ""ego_speed"": 18.0, ""front_initial_speed"": 13.548518830693688, ""front_offset"": 28.163118659340043, ""oscillation_amplitude"": 2.767384947609804, ""oscillation_base_speed"": 10.447766715342977, ""oscillation_period"": 2.765598964918697, ""template_name"": ""straight_follow"", ""trigger_distance"": 15.045028672060965}",0.5751914285714272,4016.2499999999777,False,1.0,22.94999999999987,200.81249999999892,4016.2499999999777,False,True,False,22.94999999999987,18.05625,27.84374999999975,0.0,0.46898928571428405,200.81249999999892,175,success
training_final,ppo_torch,188751578016257,/root/scenge/.cache/carla_evolution_ego_adapter/checkpoint-188751578016257.pt,94,93,3,scenario_03,OtherLeadingVehicle,1,3,3.pth,301672,straight_follow,speed_oscillation,"{""behavior_type"": ""speed_oscillation"", ""ego_lane"": 1, ""ego_speed"": 18.0, ""front_initial_speed"": 12.26007289466731, ""front_offset"": 31.56503213679177, ""oscillation_amplitude"": 3.611038520999147, ""oscillation_base_speed"": 8.274756039795601, ""oscillation_period"": 2.5166363920360917, ""template_name"": ""straight_follow"", ""trigger_distance"": 13.890772426431147}",0.5751914285714272,4016.2499999999777,False,1.0,22.94999999999987,200.81249999999892,4016.2499999999777,False,True,False,22.94999999999987,18.05625,27.84374999999975,0.0,0.46898928571428405,200.81249999999892,175,success
training_final,ppo_torch,188751578016257,/root/scenge/.cache/carla_evolution_ego_adapter/checkpoint-188751578016257.pt,95,94,3,scenario_03,OtherLeadingVehicle,1,4,4.pth,301673,straight_follow,speed_oscillation,"{""behavior_type"": ""speed_oscillation"", ""ego_lane"": 1, ""ego_speed"": 18.0, ""front_initial_speed"": 14.668648372783174, ""front_offset"": 31.52165111552094, ""oscillation_amplitude"": 3.4238501679705022, ""oscillation_base_speed"": 7.135882718707263, ""oscillation_period"": 2.8611139204865452, ""template_name"": ""straight_follow"", ""trigger_distance"": 18.912432078919046}",0.5751914285714272,4016.2499999999777,False,1.0,22.94999999999987,200.81249999999892,4016.2499999999777,False,True,False,22.94999999999987,18.05625,27.84374999999975,0.0,0.46898928571428405,200.81249999999892,175,success
training_final,ppo_torch,188751578016257,/root/scenge/.cache/carla_evolution_ego_adapter/checkpoint-188751578016257.pt,96,95,3,scenario_03,OtherLeadingVehicle,1,5,5.pth,301674,straight_follow,speed_oscillation,"{""behavior_type"": ""speed_oscillation"", ""ego_lane"": 1, ""ego_speed"": 18.0, ""front_initial_speed"": 15.387899118015982, ""front_offset"": 27.189557811448697, ""oscillation_amplitude"": 3.672146151604186, ""oscillation_base_speed"": 10.89967339285911, ""oscillation_period"": 2.544838163124006, ""template_name"": ""straight_follow"", ""trigger_distance"": 17.891359684650293}",0.5751914285714272,4016.2499999999777,False,1.0,22.94999999999987,200.81249999999892,4016.2499999999777,False,True,False,22.94999999999987,18.05625,27.84374999999975,0.0,0.46898928571428405,200.81249999999892,175,success
training_final,ppo_torch,188751578016257,/root/scenge/.cache/carla_evolution_ego_adapter/checkpoint-188751578016257.pt,97,96,3,scenario_03,OtherLeadingVehicle,1,6,6.pth,301675,straight_follow,speed_oscillation,"{""behavior_type"": ""speed_oscillation"", ""ego_lane"": 1, ""ego_speed"": 18.0, ""front_initial_speed"": 12.097909855642595, ""front_offset"": 32.412435080587706, ""oscillation_amplitude"": 2.8642942915130987, ""oscillation_base_speed"": 8.99806049055059, ""oscillation_period"": 2.7049909968717043, ""template_name"": ""straight_follow"", ""trigger_distance"": 15.677694560716251}",0.5751914285714272,4016.2499999999777,False,1.0,22.94999999999987,200.81249999999892,4016.2499999999777,False,True,False,22.94999999999987,18.05625,27.84374999999975,0.0,0.46898928571428405,200.81249999999892,175,success
training_final,ppo_torch,188751578016257,/root/scenge/.cache/carla_evolution_ego_adapter/checkpoint-188751578016257.pt,98,97,3,scenario_03,OtherLeadingVehicle,1,7,7.pth,301676,straight_follow,speed_oscillation,"{""behavior_type"": ""speed_oscillation"", ""ego_lane"": 1, ""ego_speed"": 18.0, ""front_initial_speed"": 10.955648830913924, ""front_offset"": 28.773013862980633, ""oscillation_amplitude"": 3.108759390452872, ""oscillation_base_speed"": 8.353554966118942, ""oscillation_period"": 3.3291079018114202, ""template_name"": ""straight_follow"", ""trigger_distance"": 19.060102267480573}",0.5751914285714272,4016.2499999999777,False,1.0,22.94999999999987,200.81249999999892,4016.2499999999777,False,True,False,22.94999999999987,18.05625,27.84374999999975,0.0,0.46898928571428405,200.81249999999892,175,success
training_final,ppo_torch,188751578016257,/root/scenge/.cache/carla_evolution_ego_adapter/checkpoint-188751578016257.pt,99,98,3,scenario_03,OtherLeadingVehicle,1,8,8.pth,301677,straight_follow,speed_oscillation,"{""behavior_type"": ""speed_oscillation"", ""ego_lane"": 1, ""ego_speed"": 18.0, ""front_initial_speed"": 12.266900035442378, ""front_offset"": 32.70773829873818, ""oscillation_amplitude"": 3.270314850324147, ""oscillation_base_speed"": 10.636884654926604, ""oscillation_period"": 3.460523303697854, ""template_name"": ""straight_follow"", ""trigger_distance"": 13.749822797859325}",0.5751914285714272,4016.2499999999777,False,1.0,22.94999999999987,200.81249999999892,4016.2499999999777,False,True,False,22.94999999999987,18.05625,27.84374999999975,0.0,0.46898928571428405,200.81249999999892,175,success
training_final,ppo_torch,188751578016257,/root/scenge/.cache/carla_evolution_ego_adapter/checkpoint-188751578016257.pt,100,99,3,scenario_03,OtherLeadingVehicle,1,9,9.pth,301678,straight_follow,speed_oscillation,"{""behavior_type"": ""speed_oscillation"", ""ego_lane"": 1, ""ego_speed"": 18.0, ""front_initial_speed"": 11.78492697401945, ""front_offset"": 34.01355522912412, ""oscillation_amplitude"": 3.476913807469157, ""oscillation_base_speed"": 8.39316380872027, ""oscillation_period"": 3.119420904573564, ""template_name"": ""straight_follow"", ""trigger_distance"": 20.27360310726074}",0.5751914285714272,4016.2499999999777,False,1.0,22.94999999999987,200.81249999999892,4016.2499999999777,False,True,False,22.94999999999987,18.05625,27.84374999999975,0.0,0.46898928571428405,200.81249999999892,175,success
training_final,ppo_torch,188751578016257,/root/scenge/.cache/carla_evolution_ego_adapter/checkpoint-188751578016257.pt,101,100,3,scenario_03,OtherLeadingVehicle,2,0,0.pth,302669,straight_follow,hard_brake,"{""behavior_type"": ""hard_brake"", ""ego_lane"": 1, ""ego_speed"": 18.0, ""front_initial_speed"": 12.984400682901956, ""front_offset"": 30.62239547231473, ""hard_brake_duration"": 1.1708887346729344, ""hard_brake_strength"": 0.9117217881790389, ""recovery_speed"": 5.41603877142078, ""template_name"": ""straight_follow"", ""trigger_distance"": 20.71234378033}",0.5751914285714272,4016.2499999999777,False,1.0,22.94999999999987,200.81249999999892,4016.2499999999777,False,True,False,22.94999999999987,18.05625,27.84374999999975,0.0,0.46898928571428405,200.81249999999892,175,success
training_final,ppo_torch,188751578016257,/root/scenge/.cache/carla_evolution_ego_adapter/checkpoint-188751578016257.pt,102,101,3,scenario_03,OtherLeadingVehicle,2,1,1.pth,302670,straight_follow,hard_brake,"{""behavior_type"": ""hard_brake"", ""ego_lane"": 1, ""ego_speed"": 18.0, ""front_initial_speed"": 13.98981932110682, ""front_offset"": 33.29663911936632, ""hard_brake_duration"": 1.0262438219664387, ""hard_brake_strength"": 0.8183811647761107, ""recovery_speed"": 5.59428367030562, ""template_name"": ""straight_follow"", ""trigger_distance"": 20.77134534321854}",0.5751914285714272,4016.2499999999777,False,1.0,22.94999999999987,200.81249999999892,4016.2499999999777,False,True,False,22.94999999999987,18.05625,27.84374999999975,0.0,0.46898928571428405,200.81249999999892,175,success
training_final,ppo_torch,188751578016257,/root/scenge/.cache/carla_evolution_ego_adapter/checkpoint-188751578016257.pt,103,102,3,scenario_03,OtherLeadingVehicle,2,2,2.pth,302671,straight_follow,hard_brake,"{""behavior_type"": ""hard_brake"", ""ego_lane"": 1, ""ego_speed"": 18.0, ""front_initial_speed"": 10.843377921629747, ""front_offset"": 28.250463421347355, ""hard_brake_duration"": 1.8069078055435255, ""hard_brake_strength"": 0.8061233159661488, ""recovery_speed"": 4.158314792702662, ""template_name"": ""straight_follow"", ""trigger_distance"": 18.66574863501812}",0.5751914285714272,4016.2499999999777,False,1.0,22.94999999999987,200.81249999999892,4016.2499999999777,False,True,False,22.94999999999987,18.05625,27.84374999999975,0.0,0.46898928571428405,200.81249999999892,175,success
training_final,ppo_torch,188751578016257,/root/scenge/.cache/carla_evolution_ego_adapter/checkpoint-188751578016257.pt,104,103,3,scenario_03,OtherLeadingVehicle,2,3,3.pth,302672,straight_follow,hard_brake,"{""behavior_type"": ""hard_brake"", ""ego_lane"": 1, ""ego_speed"": 18.0, ""front_initial_speed"": 11.574350417962552, ""front_offset"": 35.780825067811975, ""hard_brake_duration"": 1.4142273680880633, ""hard_brake_strength"": 0.9408217242618984, ""recovery_speed"": 3.4821167812819382, ""template_name"": ""straight_follow"", ""trigger_distance"": 18.30302736500088}",0.5751914285714272,4016.2499999999777,False,1.0,22.94999999999987,200.81249999999892,4016.2499999999777,False,True,False,22.94999999999987,18.05625,27.84374999999975,0.0,0.46898928571428405,200.81249999999892,175,success
training_final,ppo_torch,188751578016257,/root/scenge/.cache/carla_evolution_ego_adapter/checkpoint-188751578016257.pt,105,104,3,scenario_03,OtherLeadingVehicle,2,4,4.pth,302673,straight_follow,hard_brake,"{""behavior_type"": ""hard_brake"", ""ego_lane"": 1, ""ego_speed"": 18.0, ""front_initial_speed"": 11.588609729003299, ""front_offset"": 31.354556849256845, ""hard_brake_duration"": 1.3183536489989058, ""hard_brake_strength"": 0.8057099653512486, ""recovery_speed"": 5.1854819048427645, ""template_name"": ""straight_follow"", ""trigger_distance"": 16.622142311182962}",0.5751914285714272,4016.2499999999777,False,1.0,22.94999999999987,200.81249999999892,4016.2499999999777,False,True,False,22.94999999999987,18.05625,27.84374999999975,0.0,0.46898928571428405,200.81249999999892,175,success
training_final,ppo_torch,188751578016257,/root/scenge/.cache/carla_evolution_ego_adapter/checkpoint-188751578016257.pt,106,105,3,scenario_03,OtherLeadingVehicle,2,5,5.pth,302674,straight_follow,hard_brake,"{""behavior_type"": ""hard_brake"", ""ego_lane"": 1, ""ego_speed"": 18.0, ""front_initial_speed"": 14.688857007810277, ""front_offset"": 31.4121286977648, ""hard_brake_duration"": 1.9093731468114516, ""hard_brake_strength"": 0.7341446998149656, ""recovery_speed"": 4.93819501575984, ""template_name"": ""straight_follow"", ""trigger_distance"": 16.400089427633453}",0.5751914285714272,4016.2499999999777,False,1.0,22.94999999999987,200.81249999999892,4016.2499999999777,False,True,False,22.94999999999987,18.05625,27.84374999999975,0.0,0.46898928571428405,200.81249999999892,175,success
training_final,ppo_torch,188751578016257,/root/scenge/.cache/carla_evolution_ego_adapter/checkpoint-188751578016257.pt,107,106,3,scenario_03,OtherLeadingVehicle,2,6,6.pth,302675,straight_follow,hard_brake,"{""behavior_type"": ""hard_brake"", ""ego_lane"": 1, ""ego_speed"": 18.0, ""front_initial_speed"": 14.110858189865603, ""front_offset"": 35.1373144769548, ""hard_brake_duration"": 1.261768486658299, ""hard_brake_strength"": 0.954303339608424, ""recovery_speed"": 5.999732454807446, ""template_name"": ""straight_follow"", ""trigger_distance"": 16.588877990956295}",0.5751914285714272,4016.2499999999777,False,1.0,22.94999999999987,200.81249999999892,4016.2499999999777,False,True,False,22.94999999999987,18.05625,27.84374999999975,0.0,0.46898928571428405,200.81249999999892,175,success
training_final,ppo_torch,188751578016257,/root/scenge/.cache/carla_evolution_ego_adapter/checkpoint-188751578016257.pt,108,107,3,scenario_03,OtherLeadingVehicle,2,7,7.pth,302676,straight_follow,hard_brake,"{""behavior_type"": ""hard_brake"", ""ego_lane"": 1, ""ego_speed"": 18.0, ""front_initial_speed"": 11.208537315247785, ""front_offset"": 39.494187056323405, ""hard_brake_duration"": 2.001815469772593, ""hard_brake_strength"": 0.7543179775461933, ""recovery_speed"": 3.635240422150998, ""template_name"": ""straight_follow"", ""trigger_distance"": 16.436120495905364}",0.5751914285714272,4016.2499999999777,False,1.0,22.94999999999987,200.81249999999892,4016.2499999999777,False,True,False,22.94999999999987,18.05625,27.84374999999975,0.0,0.46898928571428405,200.81249999999892,175,success
training_final,ppo_torch,188751578016257,/root/scenge/.cache/carla_evolution_ego_adapter/checkpoint-188751578016257.pt,109,108,3,scenario_03,OtherLeadingVehicle,2,8,8.pth,302677,straight_follow,hard_brake,"{""behavior_type"": ""hard_brake"", ""ego_lane"": 1, ""ego_speed"": 18.0, ""front_initial_speed"": 12.276960416778383, ""front_offset"": 34.185607306974234, ""hard_brake_duration"": 1.4775855025358013, ""hard_brake_strength"": 0.836401492893349, ""recovery_speed"": 5.896212584135062, ""template_name"": ""straight_follow"", ""trigger_distance"": 16.189724416148692}",0.5751914285714272,4016.2499999999777,False,1.0,22.94999999999987,200.81249999999892,4016.2499999999777,False,True,False,22.94999999999987,18.05625,27.84374999999975,0.0,0.46898928571428405,200.81249999999892,175,success
training_final,ppo_torch,188751578016257,/root/scenge/.cache/carla_evolution_ego_adapter/checkpoint-188751578016257.pt,110,109,3,scenario_03,OtherLeadingVehicle,2,9,9.pth,302678,straight_follow,hard_brake,"{""behavior_type"": ""hard_brake"", ""ego_lane"": 1, ""ego_speed"": 18.0, ""front_initial_speed"": 14.536426198494054, ""front_offset"": 37.00339378320944, ""hard_brake_duration"": 1.9262650579549605, ""hard_brake_strength"": 0.77137114623174, ""recovery_speed"": 3.6634182727154156, ""template_name"": ""straight_follow"", ""trigger_distance"": 18.799760404095764}",0.5751914285714272,4016.2499999999777,False,1.0,22.94999999999987,200.81249999999892,4016.2499999999777,False,True,False,22.94999999999987,18.05625,27.84374999999975,0.0,0.46898928571428405,200.81249999999892,175,success
training_final,ppo_torch,188751578016257,/root/scenge/.cache/carla_evolution_ego_adapter/checkpoint-188751578016257.pt,111,110,3,scenario_03,OtherLeadingVehicle,3,0,0.pth,303669,passing,passing,"{""behavior_type"": ""passing"", ""ego_lane"": 1, ""ego_speed"": 18.0, ""passing_gap"": 26.934903417995578, ""slow_front_offset"": 27.57382268419746, ""slow_front_speed"": 5.356773685612504, ""target_lane"": 0, ""target_lane_front_offset"": 54.50872610219304, ""target_lane_front_speed"": 14.083204828656827, ""template_name"": ""passing""}",0.47051749999999926,2794.337499999987,True,0.7110843749999971,21.7124999999999,142.21687499999942,2794.337499999987,True,False,False,21.7124999999999,18.05625,25.368749999999814,0.0,0.338146874999999,142.21687499999942,131,collision
training_final,ppo_torch,188751578016257,/root/scenge/.cache/carla_evolution_ego_adapter/checkpoint-188751578016257.pt,112,111,3,scenario_03,OtherLeadingVehicle,3,1,1.pth,303670,passing,passing,"{""behavior_type"": ""passing"", ""ego_lane"": 1, ""ego_speed"": 18.0, ""passing_gap"": 25.937024285717946, ""slow_front_offset"": 26.923360156349993, ""slow_front_speed"": 5.881010381408645, ""target_lane"": 0, ""target_lane_front_offset"": 52.86038444206794, ""target_lane_front_speed"": 9.429295264261022, ""template_name"": ""passing""}",0.37521874999999966,1754.2749999999944,True,0.4510687499999987,20.503124999999937,90.21374999999973,1754.2749999999944,True,False,False,20.503124999999937,18.05625,22.949999999999875,0.0,0.21902343749999956,90.21374999999973,88,collision
training_final,ppo_torch,188751578016257,/root/scenge/.cache/carla_evolution_ego_adapter/checkpoint-188751578016257.pt,113,112,3,scenario_03,OtherLeadingVehicle,3,2,2.pth,303671,passing,passing,"{""behavior_type"": ""passing"", ""ego_lane"": 1, ""ego_speed"": 18.0, ""passing_gap"": 25.210911436095927, ""slow_front_offset"": 34.17550694581168, ""slow_front_speed"": 4.9967231732318185, ""target_lane"": 0, ""target_lane_front_offset"": 59.3864183819076, ""target_lane_front_speed"": 10.944330038009305, ""template_name"": ""passing""}",0.41868124999999945,2225.087499999991,True,0.5687718749999979,21.065624999999915,113.75437499999958,2225.087499999991,True,False,False,21.065624999999915,18.05625,24.074999999999847,0.0,0.2733515624999993,113.75437499999958,108,collision
training_final,ppo_torch,188751578016257,/root/scenge/.cache/carla_evolution_ego_adapter/checkpoint-188751578016257.pt,114,113,3,scenario_03,OtherLeadingVehicle,3,3,3.pth,303672,passing,passing,"{""behavior_type"": ""passing"", ""ego_lane"": 1, ""ego_speed"": 18.0, ""passing_gap"": 24.231434016305332, ""slow_front_offset"": 27.861666239668576, ""slow_front_speed"": 5.942916234213922, ""target_lane"": 0, ""target_lane_front_offset"": 52.09310025597391, ""target_lane_front_speed"": 9.227010467202014, ""template_name"": ""passing""}",0.3688287499999997,1685.5937499999948,True,0.4338984374999988,20.41874999999994,86.77968749999975,1685.5937499999948,True,False,False,20.41874999999994,18.05625,22.78124999999988,0.0,0.21103593749999958,86.77968749999975,85,collision
training_final,ppo_torch,188751578016257,/root/scenge/.cache/carla_evolution_ego_adapter/checkpoint-188751578016257.pt,115,114,3,scenario_03,OtherLeadingVehicle,3,4,4.pth,303673,passing,passing,"{""behavior_type"": ""passing"", ""ego_lane"": 1, ""ego_speed"": 18.0, ""passing_gap"": 22.165435496014446, ""slow_front_offset"": 33.30047360660321, ""slow_front_speed"": 5.3765454046885335, ""target_lane"": 0, ""target_lane_front_offset"": 55.46590910261766, ""target_lane_front_speed"": 10.211032660423017, ""template_name"": ""passing""}",0.39459124999999956,1963.3562499999932,True,0.5033390624999984,20.75624999999993,100.66781249999967,1963.3562499999932,True,False,False,20.75624999999993,18.05625,23.456249999999862,0.0,0.2432390624999994,100.66781249999967,97,collision
training_final,ppo_torch,188751578016257,/root/scenge/.cache/carla_evolution_ego_adapter/checkpoint-188751578016257.pt,116,115,3,scenario_03,OtherLeadingVehicle,3,5,5.pth,303674,passing,passing,"{""behavior_type"": ""passing"", ""ego_lane"": 1, ""ego_speed"": 18.0, ""passing_gap"": 22.1697001478773, ""slow_front_offset"": 26.584710693445636, ""slow_front_speed"": 7.208077840008449, ""target_lane"": 0, ""target_lane_front_offset"": 48.75441084132294, ""target_lane_front_speed"": 11.211743997240475, ""template_name"": ""passing""}",0.3880999999999996,1893.1562499999936,True,0.4857890624999985,20.671874999999932,97.1578124999997,1893.1562499999936,True,False,False,20.671874999999932,18.05625,23.287499999999866,0.0,0.23512499999999947,97.1578124999997,94,collision
training_final,ppo_torch,188751578016257,/root/scenge/.cache/carla_evolution_ego_adapter/checkpoint-188751578016257.pt,117,116,3,scenario_03,OtherLeadingVehicle,3,6,6.pth,303675,passing,passing,"{""behavior_type"": ""passing"", ""ego_lane"": 1, ""ego_speed"": 18.0, ""passing_gap"": 25.464401524003755, ""slow_front_offset"": 30.227558157458205, ""slow_front_speed"": 5.677484415090165, ""target_lane"": 0, ""target_lane_front_offset"": 55.69195968146196, ""target_lane_front_speed"": 9.863923260163503, ""template_name"": ""passing""}",0.3902599999999996,1916.4999999999934,True,0.4916249999999984,20.699999999999932,98.32499999999969,1916.4999999999934,True,False,False,20.699999999999932,18.05625,23.343749999999865,0.0,0.23782499999999945,98.32499999999969,95,collision
training_final,ppo_torch,188751578016257,/root/scenge/.cache/carla_evolution_ego_adapter/checkpoint-188751578016257.pt,118,117,3,scenario_03,OtherLeadingVehicle,3,7,7.pth,303676,passing,passing,"{""behavior_type"": ""passing"", ""ego_lane"": 1, ""ego_speed"": 18.0, ""passing_gap"": 27.304700600244875, ""slow_front_offset"": 31.830905737435625, ""slow_front_speed"": 5.754789536787458, ""target_lane"": 0, ""target_lane_front_offset"": 59.1356063376805, ""target_lane_front_speed"": 12.709713627805762, ""template_name"": ""passing""}",0.45453124999999933,2617.937499999988,True,0.6669843749999974,21.515624999999904,133.39687499999948,2617.937499999988,True,False,False,21.515624999999904,18.05625,24.974999999999824,0.0,0.3181640624999991,133.39687499999948,124,collision
training_final,ppo_torch,188751578016257,/root/scenge/.cache/carla_evolution_ego_adapter/checkpoint-188751578016257.pt,119,118,3,scenario_03,OtherLeadingVehicle,3,8,8.pth,303677,passing,passing,"{""behavior_type"": ""passing"", ""ego_lane"": 1, ""ego_speed"": 18.0, ""passing_gap"": 30.6120764915785, ""slow_front_offset"": 31.24131298715453, ""slow_front_speed"": 7.318728477187813, ""target_lane"": 0, ""target_lane_front_offset"": 61.85338947873303, ""target_lane_front_speed"": 11.48486524766895, ""template_name"": ""passing""}",0.4387287499999994,2444.2937499999894,True,0.6235734374999976,21.31874999999991,124.71468749999953,2444.2937499999894,True,False,False,21.31874999999991,18.05625,24.581249999999834,0.0,0.2984109374999992,124.71468749999953,117,collision
training_final,ppo_torch,188751578016257,/root/scenge/.cache/carla_evolution_ego_adapter/checkpoint-188751578016257.pt,120,119,3,scenario_03,OtherLeadingVehicle,3,9,9.pth,303678,passing,passing,"{""behavior_type"": ""passing"", ""ego_lane"": 1, ""ego_speed"": 18.0, ""passing_gap"": 28.962076301133628, ""slow_front_offset"": 27.22932445935124, ""slow_front_speed"": 7.69618216392306, ""target_lane"": 0, ""target_lane_front_offset"": 56.19140076048487, ""target_lane_front_speed"": 9.970728855098349, ""template_name"": ""passing""}",0.39242374999999957,1939.8999999999933,True,0.4974749999999984,20.72812499999993,99.49499999999968,1939.8999999999933,True,False,False,20.72812499999993,18.05625,23.399999999999864,0.0,0.24052968749999945,99.49499999999968,96,collision
training_final,ppo_torch,188751578016257,/root/scenge/.cache/carla_evolution_ego_adapter/checkpoint-188751578016257.pt,121,120,4,scenario_04,ManeuverOppositeDirection,0,0,0.pth,400669,straight_follow,sudden_decel,"{""behavior_type"": ""sudden_decel"", ""decel_target_speed"": 3.3895699747326447, ""ego_lane"": 1, ""ego_speed"": 18.0, ""front_initial_speed"": 10.956324199987495, ""front_offset"": 25.873527361809536, ""template_name"": ""straight_follow"", ""trigger_distance"": 17.033745135034614}",0.5751914285714272,4016.2499999999777,False,1.0,22.94999999999987,200.81249999999892,4016.2499999999777,False,True,False,22.94999999999987,18.05625,27.84374999999975,0.0,0.46898928571428405,200.81249999999892,175,success
training_final,ppo_torch,188751578016257,/root/scenge/.cache/carla_evolution_ego_adapter/checkpoint-188751578016257.pt,122,121,4,scenario_04,ManeuverOppositeDirection,0,1,1.pth,400670,straight_follow,sudden_decel,"{""behavior_type"": ""sudden_decel"", ""decel_target_speed"": 4.170651421598823, ""ego_lane"": 1, ""ego_speed"": 18.0, ""front_initial_speed"": 12.607618675057967, ""front_offset"": 21.63217758398196, ""template_name"": ""straight_follow"", ""trigger_distance"": 11.027032912904755}",0.5751914285714272,4016.2499999999777,False,1.0,22.94999999999987,200.81249999999892,4016.2499999999777,False,True,False,22.94999999999987,18.05625,27.84374999999975,0.0,0.46898928571428405,200.81249999999892,175,success
training_final,ppo_torch,188751578016257,/root/scenge/.cache/carla_evolution_ego_adapter/checkpoint-188751578016257.pt,123,122,4,scenario_04,ManeuverOppositeDirection,0,2,2.pth,400671,straight_follow,sudden_decel,"{""behavior_type"": ""sudden_decel"", ""decel_target_speed"": 3.5874370594109215, ""ego_lane"": 1, ""ego_speed"": 18.0, ""front_initial_speed"": 10.052069970529864, ""front_offset"": 21.902843596995858, ""template_name"": ""straight_follow"", ""trigger_distance"": 16.474107024894614}",0.5751914285714272,4016.2499999999777,False,1.0,22.94999999999987,200.81249999999892,4016.2499999999777,False,True,False,22.94999999999987,18.05625,27.84374999999975,0.0,0.46898928571428405,200.81249999999892,175,success
training_final,ppo_torch,188751578016257,/root/scenge/.cache/carla_evolution_ego_adapter/checkpoint-188751578016257.pt,124,123,4,scenario_04,ManeuverOppositeDirection,0,3,3.pth,400672,straight_follow,sudden_decel,"{""behavior_type"": ""sudden_decel"", ""decel_target_speed"": 4.21434147627232, ""ego_lane"": 1, ""ego_speed"": 18.0, ""front_initial_speed"": 14.560224804496485, ""front_offset"": 27.092891942027695, ""template_name"": ""straight_follow"", ""trigger_distance"": 17.516215879677375}",0.5751914285714272,4016.2499999999777,False,1.0,22.94999999999987,200.81249999999892,4016.2499999999777,False,True,False,22.94999999999987,18.05625,27.84374999999975,0.0,0.46898928571428405,200.81249999999892,175,success
training_final,ppo_torch,188751578016257,/root/scenge/.cache/carla_evolution_ego_adapter/checkpoint-188751578016257.pt,125,124,4,scenario_04,ManeuverOppositeDirection,0,4,4.pth,400673,straight_follow,sudden_decel,"{""behavior_type"": ""sudden_decel"", ""decel_target_speed"": 3.127884091802735, ""ego_lane"": 1, ""ego_speed"": 18.0, ""front_initial_speed"": 15.989417853620076, ""front_offset"": 28.80175399048671, ""template_name"": ""straight_follow"", ""trigger_distance"": 15.530226606414617}",0.5751914285714272,4016.2499999999777,False,1.0,22.94999999999987,200.81249999999892,4016.2499999999777,False,True,False,22.94999999999987,18.05625,27.84374999999975,0.0,0.46898928571428405,200.81249999999892,175,success
training_final,ppo_torch,188751578016257,/root/scenge/.cache/carla_evolution_ego_adapter/checkpoint-188751578016257.pt,126,125,4,scenario_04,ManeuverOppositeDirection,0,5,5.pth,400674,straight_follow,sudden_decel,"{""behavior_type"": ""sudden_decel"", ""decel_target_speed"": 4.781267243329692, ""ego_lane"": 1, ""ego_speed"": 18.0, ""front_initial_speed"": 12.13710138563718, ""front_offset"": 29.73893623175904, ""template_name"": ""straight_follow"", ""trigger_distance"": 16.693299866902844}",0.5751914285714272,4016.2499999999777,False,1.0,22.94999999999987,200.81249999999892,4016.2499999999777,False,True,False,22.94999999999987,18.05625,27.84374999999975,0.0,0.46898928571428405,200.81249999999892,175,success
training_final,ppo_torch,188751578016257,/root/scenge/.cache/carla_evolution_ego_adapter/checkpoint-188751578016257.pt,127,126,4,scenario_04,ManeuverOppositeDirection,0,6,6.pth,400675,straight_follow,sudden_decel,"{""behavior_type"": ""sudden_decel"", ""decel_target_speed"": 5.437890815795682, ""ego_lane"": 1, ""ego_speed"": 18.0, ""front_initial_speed"": 13.514804570835345, ""front_offset"": 32.49748745962541, ""template_name"": ""straight_follow"", ""trigger_distance"": 15.969290729992757}",0.5751914285714272,4016.2499999999777,False,1.0,22.94999999999987,200.81249999999892,4016.2499999999777,False,True,False,22.94999999999987,18.05625,27.84374999999975,0.0,0.46898928571428405,200.81249999999892,175,success
training_final,ppo_torch,188751578016257,/root/scenge/.cache/carla_evolution_ego_adapter/checkpoint-188751578016257.pt,128,127,4,scenario_04,ManeuverOppositeDirection,0,7,7.pth,400676,straight_follow,sudden_decel,"{""behavior_type"": ""sudden_decel"", ""decel_target_speed"": 5.051306175647056, ""ego_lane"": 1, ""ego_speed"": 18.0, ""front_initial_speed"": 12.640936269947645, ""front_offset"": 26.381070761636057, ""template_name"": ""straight_follow"", ""trigger_distance"": 12.420529209778074}",0.5751914285714272,4016.2499999999777,False,1.0,22.94999999999987,200.81249999999892,4016.2499999999777,False,True,False,22.94999999999987,18.05625,27.84374999999975,0.0,0.46898928571428405,200.81249999999892,175,success
training_final,ppo_torch,188751578016257,/root/scenge/.cache/carla_evolution_ego_adapter/checkpoint-188751578016257.pt,129,128,4,scenario_04,ManeuverOppositeDirection,0,8,8.pth,400677,straight_follow,sudden_decel,"{""behavior_type"": ""sudden_decel"", ""decel_target_speed"": 3.4156925123244206, ""ego_lane"": 1, ""ego_speed"": 18.0, ""front_initial_speed"": 13.3197139897064, ""front_offset"": 33.69633287918728, ""template_name"": ""straight_follow"", ""trigger_distance"": 14.87859690525682}",0.5751914285714272,4016.2499999999777,False,1.0,22.94999999999987,200.81249999999892,4016.2499999999777,False,True,False,22.94999999999987,18.05625,27.84374999999975,0.0,0.46898928571428405,200.81249999999892,175,success
training_final,ppo_torch,188751578016257,/root/scenge/.cache/carla_evolution_ego_adapter/checkpoint-188751578016257.pt,130,129,4,scenario_04,ManeuverOppositeDirection,0,9,9.pth,400678,straight_follow,sudden_decel,"{""behavior_type"": ""sudden_decel"", ""decel_target_speed"": 5.918813840552319, ""ego_lane"": 1, ""ego_speed"": 18.0, ""front_initial_speed"": 11.108889761410875, ""front_offset"": 27.609097408643, ""template_name"": ""straight_follow"", ""trigger_distance"": 17.159936179515192}",0.5751914285714272,4016.2499999999777,False,1.0,22.94999999999987,200.81249999999892,4016.2499999999777,False,True,False,22.94999999999987,18.05625,27.84374999999975,0.0,0.46898928571428405,200.81249999999892,175,success
training_final,ppo_torch,188751578016257,/root/scenge/.cache/carla_evolution_ego_adapter/checkpoint-188751578016257.pt,131,130,4,scenario_04,ManeuverOppositeDirection,1,0,0.pth,401669,straight_follow,speed_oscillation,"{""behavior_type"": ""speed_oscillation"", ""ego_lane"": 1, ""ego_speed"": 18.0, ""front_initial_speed"": 16.26714865615206, ""front_offset"": 27.99112232217137, ""oscillation_amplitude"": 3.3617522317452746, ""oscillation_base_speed"": 7.284863422718036, ""oscillation_period"": 3.2137949930587593, ""template_name"": ""straight_follow"", ""trigger_distance"": 20.85899555852869}",0.5751914285714272,4016.2499999999777,False,1.0,22.94999999999987,200.81249999999892,4016.2499999999777,False,True,False,22.94999999999987,18.05625,27.84374999999975,0.0,0.46898928571428405,200.81249999999892,175,success
training_final,ppo_torch,188751578016257,/root/scenge/.cache/carla_evolution_ego_adapter/checkpoint-188751578016257.pt,132,131,4,scenario_04,ManeuverOppositeDirection,1,1,1.pth,401670,straight_follow,speed_oscillation,"{""behavior_type"": ""speed_oscillation"", ""ego_lane"": 1, ""ego_speed"": 18.0, ""front_initial_speed"": 13.159309487772537, ""front_offset"": 25.66897784139926, ""oscillation_amplitude"": 2.8724712358791327, ""oscillation_base_speed"": 7.645506064488357, ""oscillation_period"": 3.2691349585716174, ""template_name"": ""straight_follow"", ""trigger_distance"": 15.844631106287938}",0.5751914285714272,4016.2499999999777,False,1.0,22.94999999999987,200.81249999999892,4016.2499999999777,False,True,False,22.94999999999987,18.05625,27.84374999999975,0.0,0.46898928571428405,200.81249999999892,175,success
training_final,ppo_torch,188751578016257,/root/scenge/.cache/carla_evolution_ego_adapter/checkpoint-188751578016257.pt,133,132,4,scenario_04,ManeuverOppositeDirection,1,2,2.pth,401671,straight_follow,speed_oscillation,"{""behavior_type"": ""speed_oscillation"", ""ego_lane"": 1, ""ego_speed"": 18.0, ""front_initial_speed"": 15.18652170919172, ""front_offset"": 30.678092214156095, ""oscillation_amplitude"": 3.040829944082235, ""oscillation_base_speed"": 7.286046810317673, ""oscillation_period"": 3.209653214904059, ""template_name"": ""straight_follow"", ""trigger_distance"": 16.402043473421802}",0.5751914285714272,4016.2499999999777,False,1.0,22.94999999999987,200.81249999999892,4016.2499999999777,False,True,False,22.94999999999987,18.05625,27.84374999999975,0.0,0.46898928571428405,200.81249999999892,175,success
training_final,ppo_torch,188751578016257,/root/scenge/.cache/carla_evolution_ego_adapter/checkpoint-188751578016257.pt,134,133,4,scenario_04,ManeuverOppositeDirection,1,3,3.pth,401672,straight_follow,speed_oscillation,"{""behavior_type"": ""speed_oscillation"", ""ego_lane"": 1, ""ego_speed"": 18.0, ""front_initial_speed"": 12.913599583333088, ""front_offset"": 32.68776239771068, ""oscillation_amplitude"": 3.0742226695348833, ""oscillation_base_speed"": 9.92091221624953, ""oscillation_period"": 2.2566428064173594, ""template_name"": ""straight_follow"", ""trigger_distance"": 15.36925279454069}",0.5751914285714272,4016.2499999999777,False,1.0,22.94999999999987,200.81249999999892,4016.2499999999777,False,True,False,22.94999999999987,18.05625,27.84374999999975,0.0,0.46898928571428405,200.81249999999892,175,success
training_final,ppo_torch,188751578016257,/root/scenge/.cache/carla_evolution_ego_adapter/checkpoint-188751578016257.pt,135,134,4,scenario_04,ManeuverOppositeDirection,1,4,4.pth,401673,straight_follow,speed_oscillation,"{""behavior_type"": ""speed_oscillation"", ""ego_lane"": 1, ""ego_speed"": 18.0, ""front_initial_speed"": 13.884544719447513, ""front_offset"": 32.98265011116638, ""oscillation_amplitude"": 3.9354076072030173, ""oscillation_base_speed"": 8.390963713057753, ""oscillation_period"": 2.8091072532740484, ""template_name"": ""straight_follow"", ""trigger_distance"": 19.829223198962193}",0.5751914285714272,4016.2499999999777,False,1.0,22.94999999999987,200.81249999999892,4016.2499999999777,False,True,False,22.94999999999987,18.05625,27.84374999999975,0.0,0.46898928571428405,200.81249999999892,175,success
training_final,ppo_torch,188751578016257,/root/scenge/.cache/carla_evolution_ego_adapter/checkpoint-188751578016257.pt,136,135,4,scenario_04,ManeuverOppositeDirection,1,5,5.pth,401674,straight_follow,speed_oscillation,"{""behavior_type"": ""speed_oscillation"", ""ego_lane"": 1, ""ego_speed"": 18.0, ""front_initial_speed"": 13.829038625677656, ""front_offset"": 27.16785504042871, ""oscillation_amplitude"": 3.3249570078773933, ""oscillation_base_speed"": 7.510533372360456, ""oscillation_period"": 2.7894334604246716, ""template_name"": ""straight_follow"", ""trigger_distance"": 14.821015922337624}",0.5751914285714272,4016.2499999999777,False,1.0,22.94999999999987,200.81249999999892,4016.2499999999777,False,True,False,22.94999999999987,18.05625,27.84374999999975,0.0,0.46898928571428405,200.81249999999892,175,success
training_final,ppo_torch,188751578016257,/root/scenge/.cache/carla_evolution_ego_adapter/checkpoint-188751578016257.pt,137,136,4,scenario_04,ManeuverOppositeDirection,1,6,6.pth,401675,straight_follow,speed_oscillation,"{""behavior_type"": ""speed_oscillation"", ""ego_lane"": 1, ""ego_speed"": 18.0, ""front_initial_speed"": 13.110566913842689, ""front_offset"": 31.042721828620657, ""oscillation_amplitude"": 3.36460614572679, ""oscillation_base_speed"": 7.698822867822298, ""oscillation_period"": 3.635321066880194, ""template_name"": ""straight_follow"", ""trigger_distance"": 15.351851366696623}",0.5751914285714272,4016.2499999999777,False,1.0,22.94999999999987,200.81249999999892,4016.2499999999777,False,True,False,22.94999999999987,18.05625,27.84374999999975,0.0,0.46898928571428405,200.81249999999892,175,success
training_final,ppo_torch,188751578016257,/root/scenge/.cache/carla_evolution_ego_adapter/checkpoint-188751578016257.pt,138,137,4,scenario_04,ManeuverOppositeDirection,1,7,7.pth,401676,straight_follow,speed_oscillation,"{""behavior_type"": ""speed_oscillation"", ""ego_lane"": 1, ""ego_speed"": 18.0, ""front_initial_speed"": 12.2171468605885, ""front_offset"": 36.57462677527102, ""oscillation_amplitude"": 3.9052378553912144, ""oscillation_base_speed"": 11.089127857846297, ""oscillation_period"": 3.091133675162232, ""template_name"": ""straight_follow"", ""trigger_distance"": 15.330091172011144}",0.5751914285714272,4016.2499999999777,False,1.0,22.94999999999987,200.81249999999892,4016.2499999999777,False,True,False,22.94999999999987,18.05625,27.84374999999975,0.0,0.46898928571428405,200.81249999999892,175,success
training_final,ppo_torch,188751578016257,/root/scenge/.cache/carla_evolution_ego_adapter/checkpoint-188751578016257.pt,139,138,4,scenario_04,ManeuverOppositeDirection,1,8,8.pth,401677,straight_follow,speed_oscillation,"{""behavior_type"": ""speed_oscillation"", ""ego_lane"": 1, ""ego_speed"": 18.0, ""front_initial_speed"": 10.94558935001335, ""front_offset"": 35.30152476119126, ""oscillation_amplitude"": 3.634619386013571, ""oscillation_base_speed"": 8.75118915485313, ""oscillation_period"": 3.1230599681020017, ""template_name"": ""straight_follow"", ""trigger_distance"": 14.22661861579381}",0.5751914285714272,4016.2499999999777,False,1.0,22.94999999999987,200.81249999999892,4016.2499999999777,False,True,False,22.94999999999987,18.05625,27.84374999999975,0.0,0.46898928571428405,200.81249999999892,175,success
training_final,ppo_torch,188751578016257,/root/scenge/.cache/carla_evolution_ego_adapter/checkpoint-188751578016257.pt,140,139,4,scenario_04,ManeuverOppositeDirection,1,9,9.pth,401678,straight_follow,speed_oscillation,"{""behavior_type"": ""speed_oscillation"", ""ego_lane"": 1, ""ego_speed"": 18.0, ""front_initial_speed"": 11.93114972834641, ""front_offset"": 33.05101974328728, ""oscillation_amplitude"": 2.815167066440755, ""oscillation_base_speed"": 8.746483059457033, ""oscillation_period"": 2.2236850568344746, ""template_name"": ""straight_follow"", ""trigger_distance"": 15.82459447272706}",0.5751914285714272,4016.2499999999777,False,1.0,22.94999999999987,200.81249999999892,4016.2499999999777,False,True,False,22.94999999999987,18.05625,27.84374999999975,0.0,0.46898928571428405,200.81249999999892,175,success
training_final,ppo_torch,188751578016257,/root/scenge/.cache/carla_evolution_ego_adapter/checkpoint-188751578016257.pt,141,140,4,scenario_04,ManeuverOppositeDirection,2,0,0.pth,402669,straight_follow,hard_brake,"{""behavior_type"": ""hard_brake"", ""ego_lane"": 1, ""ego_speed"": 18.0, ""front_initial_speed"": 12.98075722066129, ""front_offset"": 28.798131899152626, ""hard_brake_duration"": 1.6430112052685621, ""hard_brake_strength"": 0.7884474962323801, ""recovery_speed"": 5.418601947215656, ""template_name"": ""straight_follow"", ""trigger_distance"": 17.371016143964763}",0.5751914285714272,4016.2499999999777,False,1.0,22.94999999999987,200.81249999999892,4016.2499999999777,False,True,False,22.94999999999987,18.05625,27.84374999999975,0.0,0.46898928571428405,200.81249999999892,175,success
training_final,ppo_torch,188751578016257,/root/scenge/.cache/carla_evolution_ego_adapter/checkpoint-188751578016257.pt,142,141,4,scenario_04,ManeuverOppositeDirection,2,1,1.pth,402670,straight_follow,hard_brake,"{""behavior_type"": ""hard_brake"", ""ego_lane"": 1, ""ego_speed"": 18.0, ""front_initial_speed"": 11.050382034793056, ""front_offset"": 29.276487954028514, ""hard_brake_duration"": 1.117157910791787, ""hard_brake_strength"": 0.7360372568655349, ""recovery_speed"": 3.158550091472176, ""template_name"": ""straight_follow"", ""trigger_distance"": 20.717322775990258}",0.5751914285714272,4016.2499999999777,False,1.0,22.94999999999987,200.81249999999892,4016.2499999999777,False,True,False,22.94999999999987,18.05625,27.84374999999975,0.0,0.46898928571428405,200.81249999999892,175,success
training_final,ppo_torch,188751578016257,/root/scenge/.cache/carla_evolution_ego_adapter/checkpoint-188751578016257.pt,143,142,4,scenario_04,ManeuverOppositeDirection,2,2,2.pth,402671,straight_follow,hard_brake,"{""behavior_type"": ""hard_brake"", ""ego_lane"": 1, ""ego_speed"": 18.0, ""front_initial_speed"": 11.809882554398142, ""front_offset"": 33.92549026114197, ""hard_brake_duration"": 1.6524227632992152, ""hard_brake_strength"": 0.859574023232516, ""recovery_speed"": 4.4295290431111525, ""template_name"": ""straight_follow"", ""trigger_distance"": 18.62199421146403}",0.5751914285714272,4016.2499999999777,False,1.0,22.94999999999987,200.81249999999892,4016.2499999999777,False,True,False,22.94999999999987,18.05625,27.84374999999975,0.0,0.46898928571428405,200.81249999999892,175,success
training_final,ppo_torch,188751578016257,/root/scenge/.cache/carla_evolution_ego_adapter/checkpoint-188751578016257.pt,144,143,4,scenario_04,ManeuverOppositeDirection,2,3,3.pth,402672,straight_follow,hard_brake,"{""behavior_type"": ""hard_brake"", ""ego_lane"": 1, ""ego_speed"": 18.0, ""front_initial_speed"": 13.658387726534993, ""front_offset"": 29.850233326482062, ""hard_brake_duration"": 1.456058724664722, ""hard_brake_strength"": 0.8910727278246213, ""recovery_speed"": 4.926631631624227, ""template_name"": ""straight_follow"", ""trigger_distance"": 22.790498818953}",0.5751914285714272,4016.2499999999777,False,1.0,22.94999999999987,200.81249999999892,4016.2499999999777,False,True,False,22.94999999999987,18.05625,27.84374999999975,0.0,0.46898928571428405,200.81249999999892,175,success
training_final,ppo_torch,188751578016257,/root/scenge/.cache/carla_evolution_ego_adapter/checkpoint-188751578016257.pt,145,144,4,scenario_04,ManeuverOppositeDirection,2,4,4.pth,402673,straight_follow,hard_brake,"{""behavior_type"": ""hard_brake"", ""ego_lane"": 1, ""ego_speed"": 18.0, ""front_initial_speed"": 13.380312456886504, ""front_offset"": 33.43835713500444, ""hard_brake_duration"": 1.2084162316876081, ""hard_brake_strength"": 0.8922676122373332, ""recovery_speed"": 5.941610699802721, ""template_name"": ""straight_follow"", ""trigger_distance"": 15.894714129507726}",0.5751914285714272,4016.2499999999777,False,1.0,22.94999999999987,200.81249999999892,4016.2499999999777,False,True,False,22.94999999999987,18.05625,27.84374999999975,0.0,0.46898928571428405,200.81249999999892,175,success
training_final,ppo_torch,188751578016257,/root/scenge/.cache/carla_evolution_ego_adapter/checkpoint-188751578016257.pt,146,145,4,scenario_04,ManeuverOppositeDirection,2,5,5.pth,402674,straight_follow,hard_brake,"{""behavior_type"": ""hard_brake"", ""ego_lane"": 1, ""ego_speed"": 18.0, ""front_initial_speed"": 16.272127337880555, ""front_offset"": 34.22067248429773, ""hard_brake_duration"": 1.4301068111631285, ""hard_brake_strength"": 0.9391623888125351, ""recovery_speed"": 4.152681182912154, ""template_name"": ""straight_follow"", ""trigger_distance"": 15.240692521850512}",0.5751914285714272,4016.2499999999777,False,1.0,22.94999999999987,200.81249999999892,4016.2499999999777,False,True,False,22.94999999999987,18.05625,27.84374999999975,0.0,0.46898928571428405,200.81249999999892,175,success
training_final,ppo_torch,188751578016257,/root/scenge/.cache/carla_evolution_ego_adapter/checkpoint-188751578016257.pt,147,146,4,scenario_04,ManeuverOppositeDirection,2,6,6.pth,402675,straight_follow,hard_brake,"{""behavior_type"": ""hard_brake"", ""ego_lane"": 1, ""ego_speed"": 18.0, ""front_initial_speed"": 14.358278046712352, ""front_offset"": 37.975411624998536, ""hard_brake_duration"": 1.919090718195028, ""hard_brake_strength"": 0.9541294182779819, ""recovery_speed"": 5.71155776952177, ""template_name"": ""straight_follow"", ""trigger_distance"": 21.960231114977386}",0.5751914285714272,4016.2499999999777,False,1.0,22.94999999999987,200.81249999999892,4016.2499999999777,False,True,False,22.94999999999987,18.05625,27.84374999999975,0.0,0.46898928571428405,200.81249999999892,175,success
training_final,ppo_torch,188751578016257,/root/scenge/.cache/carla_evolution_ego_adapter/checkpoint-188751578016257.pt,148,147,4,scenario_04,ManeuverOppositeDirection,2,7,7.pth,402676,straight_follow,hard_brake,"{""behavior_type"": ""hard_brake"", ""ego_lane"": 1, ""ego_speed"": 18.0, ""front_initial_speed"": 11.136551218464641, ""front_offset"": 38.61860889137695, ""hard_brake_duration"": 1.44257842690291, ""hard_brake_strength"": 0.8911490213804805, ""recovery_speed"": 3.8062243998481393, ""template_name"": ""straight_follow"", ""trigger_distance"": 17.357346862618446}",0.5751914285714272,4016.2499999999777,False,1.0,22.94999999999987,200.81249999999892,4016.2499999999777,False,True,False,22.94999999999987,18.05625,27.84374999999975,0.0,0.46898928571428405,200.81249999999892,175,success
training_final,ppo_torch,188751578016257,/root/scenge/.cache/carla_evolution_ego_adapter/checkpoint-188751578016257.pt,149,148,4,scenario_04,ManeuverOppositeDirection,2,8,8.pth,402677,straight_follow,hard_brake,"{""behavior_type"": ""hard_brake"", ""ego_lane"": 1, ""ego_speed"": 18.0, ""front_initial_speed"": 16.149410790900212, ""front_offset"": 40.191671999688786, ""hard_brake_duration"": 1.4283113588964702, ""hard_brake_strength"": 0.923204589748868, ""recovery_speed"": 3.786184506888381, ""template_name"": ""straight_follow"", ""trigger_distance"": 16.605793409880963}",0.5751914285714272,4016.2499999999777,False,1.0,22.94999999999987,200.81249999999892,4016.2499999999777,False,True,False,22.94999999999987,18.05625,27.84374999999975,0.0,0.46898928571428405,200.81249999999892,175,success
training_final,ppo_torch,188751578016257,/root/scenge/.cache/carla_evolution_ego_adapter/checkpoint-188751578016257.pt,150,149,4,scenario_04,ManeuverOppositeDirection,2,9,9.pth,402678,straight_follow,hard_brake,"{""behavior_type"": ""hard_brake"", ""ego_lane"": 1, ""ego_speed"": 18.0, ""front_initial_speed"": 14.373612263109013, ""front_offset"": 34.276093128950166, ""hard_brake_duration"": 2.0725168243719483, ""hard_brake_strength"": 0.7626272981376483, ""recovery_speed"": 3.1765784296986905, ""template_name"": ""straight_follow"", ""trigger_distance"": 22.187706221955935}",0.5751914285714272,4016.2499999999777,False,1.0,22.94999999999987,200.81249999999892,4016.2499999999777,False,True,False,22.94999999999987,18.05625,27.84374999999975,0.0,0.46898928571428405,200.81249999999892,175,success
training_final,ppo_torch,188751578016257,/root/scenge/.cache/carla_evolution_ego_adapter/checkpoint-188751578016257.pt,151,150,4,scenario_04,ManeuverOppositeDirection,3,0,0.pth,403669,passing,passing,"{""behavior_type"": ""passing"", ""ego_lane"": 1, ""ego_speed"": 18.0, ""passing_gap"": 17.197074638601812, ""slow_front_offset"": 30.765248397620702, ""slow_front_speed"": 5.653322212229803, ""target_lane"": 0, ""target_lane_front_offset"": 47.962323036222514, ""target_lane_front_speed"": 9.190451112797534, ""template_name"": ""passing""}",0.35614999999999974,1549.7499999999957,True,0.39993749999999895,20.249999999999947,79.98749999999978,1549.7499999999957,True,False,False,20.249999999999947,18.05625,22.443749999999888,0.0,0.19518749999999965,79.98749999999978,79,collision
training_final,ppo_torch,188751578016257,/root/scenge/.cache/carla_evolution_ego_adapter/checkpoint-188751578016257.pt,152,151,4,scenario_04,ManeuverOppositeDirection,3,1,1.pth,403670,passing,passing,"{""behavior_type"": ""passing"", ""ego_lane"": 1, ""ego_speed"": 18.0, ""passing_gap"": 24.418143654875415, ""slow_front_offset"": 32.810772331539276, ""slow_front_speed"": 6.07509183886167, ""target_lane"": 0, ""target_lane_front_offset"": 57.22891598641469, ""target_lane_front_speed"": 13.473099564895076, ""template_name"": ""passing""}",0.46593124999999924,2743.6562499999873,True,0.698414062499997,21.6562499999999,139.68281249999941,2743.6562499999873,True,False,False,21.6562499999999,18.05625,25.256249999999817,0.0,0.33241406249999905,139.68281249999941,129,collision
training_final,ppo_torch,188751578016257,/root/scenge/.cache/carla_evolution_ego_adapter/checkpoint-188751578016257.pt,153,152,4,scenario_04,ManeuverOppositeDirection,3,2,2.pth,403671,passing,passing,"{""behavior_type"": ""passing"", ""ego_lane"": 1, ""ego_speed"": 18.0, ""passing_gap"": 23.7239825682002, ""slow_front_offset"": 27.61491481561763, ""slow_front_speed"": 6.492177281640901, ""target_lane"": 0, ""target_lane_front_offset"": 51.33889738381783, ""target_lane_front_speed"": 11.352621739881098, ""template_name"": ""passing""}",0.39893749999999956,2010.437499999993,True,0.5151093749999983,20.812499999999925,103.02187499999965,2010.437499999993,True,False,False,20.812499999999925,18.05625,23.56874999999986,0.0,0.2486718749999994,103.02187499999965,99,collision
training_final,ppo_torch,188751578016257,/root/scenge/.cache/carla_evolution_ego_adapter/checkpoint-188751578016257.pt,154,153,4,scenario_04,ManeuverOppositeDirection,3,3,3.pth,403672,passing,passing,"{""behavior_type"": ""passing"", ""ego_lane"": 1, ""ego_speed"": 18.0, ""passing_gap"": 26.881680933494636, ""slow_front_offset"": 30.32784948711386, ""slow_front_speed"": 4.769014765806777, ""target_lane"": 0, ""target_lane_front_offset"": 57.209530420608495, ""target_lane_front_speed"": 13.051972010148086, ""template_name"": ""passing""}",0.45453124999999933,2617.937499999988,True,0.6669843749999974,21.515624999999904,133.39687499999948,2617.937499999988,True,False,False,21.515624999999904,18.05625,24.974999999999824,0.0,0.3181640624999991,133.39687499999948,124,collision
training_final,ppo_torch,188751578016257,/root/scenge/.cache/carla_evolution_ego_adapter/checkpoint-188751578016257.pt,155,154,4,scenario_04,ManeuverOppositeDirection,3,4,4.pth,403673,passing,passing,"{""behavior_type"": ""passing"", ""ego_lane"": 1, ""ego_speed"": 18.0, ""passing_gap"": 24.81730014974206, ""slow_front_offset"": 30.940254353345473, ""slow_front_speed"": 6.038869425647811, ""target_lane"": 0, ""target_lane_front_offset"": 55.75755450308753, ""target_lane_front_speed"": 9.181054012131625, ""template_name"": ""passing""}",0.37949749999999965,1800.343749999994,True,0.4625859374999986,20.559374999999935,92.51718749999972,1800.343749999994,True,False,False,20.559374999999935,18.05625,23.062499999999872,0.0,0.22437187499999953,92.51718749999972,90,collision
training_final,ppo_torch,188751578016257,/root/scenge/.cache/carla_evolution_ego_adapter/checkpoint-188751578016257.pt,156,155,4,scenario_04,ManeuverOppositeDirection,3,5,5.pth,403674,passing,passing,"{""behavior_type"": ""passing"", ""ego_lane"": 1, ""ego_speed"": 18.0, ""passing_gap"": 30.261122072730693, ""slow_front_offset"": 33.90274645437224, ""slow_front_speed"": 7.114369009717022, ""target_lane"": 0, ""target_lane_front_offset"": 64.16386852710293, ""target_lane_front_speed"": 12.247191471032112, ""template_name"": ""passing""}",0.4613599999999993,2693.1999999999875,True,0.6857999999999972,21.599999999999902,137.15999999999943,2693.1999999999875,True,False,False,21.599999999999902,18.05625,25.14374999999982,0.0,0.3266999999999991,137.15999999999943,127,collision
training_final,ppo_torch,188751578016257,/root/scenge/.cache/carla_evolution_ego_adapter/checkpoint-188751578016257.pt,157,156,4,scenario_04,ManeuverOppositeDirection,3,6,6.pth,403675,passing,passing,"{""behavior_type"": ""passing"", ""ego_lane"": 1, ""ego_speed"": 18.0, ""passing_gap"": 28.39871904498522, ""slow_front_offset"": 28.849749831193932, ""slow_front_speed"": 6.026182395811872, ""target_lane"": 0, ""target_lane_front_offset"": 57.24846887617915, ""target_lane_front_speed"": 9.665350985519908, ""template_name"": ""passing""}",0.39242374999999957,1939.8999999999933,True,0.4974749999999984,20.72812499999993,99.49499999999968,1939.8999999999933,True,False,False,20.72812499999993,18.05625,23.399999999999864,0.0,0.24052968749999945,99.49499999999968,96,collision
training_final,ppo_torch,188751578016257,/root/scenge/.cache/carla_evolution_ego_adapter/checkpoint-188751578016257.pt,158,157,4,scenario_04,ManeuverOppositeDirection,3,7,7.pth,403676,passing,passing,"{""behavior_type"": ""passing"", ""ego_lane"": 1, ""ego_speed"": 18.0, ""passing_gap"": 23.838370063369176, ""slow_front_offset"": 32.055587456647935, ""slow_front_speed"": 7.093636204901695, ""target_lane"": 0, ""target_lane_front_offset"": 55.89395752001711, ""target_lane_front_speed"": 10.947041189530658, ""template_name"": ""passing""}",0.4076749999999995,2105.274999999992,True,0.5388187499999981,20.924999999999923,107.76374999999962,2105.274999999992,True,False,False,20.924999999999923,18.05625,23.793749999999854,0.0,0.25959374999999935,107.76374999999962,103,collision
training_final,ppo_torch,188751578016257,/root/scenge/.cache/carla_evolution_ego_adapter/checkpoint-188751578016257.pt,159,158,4,scenario_04,ManeuverOppositeDirection,3,8,8.pth,403677,passing,passing,"{""behavior_type"": ""passing"", ""ego_lane"": 1, ""ego_speed"": 18.0, ""passing_gap"": 32.77238337034581, ""slow_front_offset"": 32.26613679682535, ""slow_front_speed"": 7.7171653017310415, ""target_lane"": 0, ""target_lane_front_offset"": 65.03852016717116, ""target_lane_front_speed"": 13.956474623668406, ""template_name"": ""passing""}",0.5077474999999991,3207.887499999984,True,0.8144718749999963,22.16249999999989,162.89437499999926,3207.887499999984,True,False,False,22.16249999999989,18.05625,26.26874999999979,0.0,0.3846843749999988,162.89437499999926,147,collision
training_final,ppo_torch,188751578016257,/root/scenge/.cache/carla_evolution_ego_adapter/checkpoint-188751578016257.pt,160,159,4,scenario_04,ManeuverOppositeDirection,3,9,9.pth,403678,passing,passing,"{""behavior_type"": ""passing"", ""ego_lane"": 1, ""ego_speed"": 18.0, ""passing_gap"": 27.952528028901433, ""slow_front_offset"": 33.43341909006207, ""slow_front_speed"": 7.67927699469, ""target_lane"": 0, ""target_lane_front_offset"": 61.3859471189635, ""target_lane_front_speed"": 13.29521533681326, ""template_name"": ""passing""}",0.47742499999999916,2870.7812499999864,True,0.7301953124999969,21.796874999999897,146.03906249999937,2870.7812499999864,True,False,False,21.796874999999897,18.05625,25.53749999999981,0.0,0.34678124999999893,146.03906249999937,134,collision
